[
{
  "model": "RecommendSystem.historicalgenre",
  "pk": 1,
  "fields": {
    "id": 11,
    "genre_name": "Басни",
    "history_date": "2023-11-23T12:59:14.201Z",
    "history_change_reason": null,
    "history_type": "+",
    "history_user": 1
  }
},
{
  "model": "RecommendSystem.genre",
  "pk": 1,
  "fields": {
    "genre_name": "Научная фантастика"
  }
},
{
  "model": "RecommendSystem.genre",
  "pk": 2,
  "fields": {
    "genre_name": "Городское фэнтези"
  }
},
{
  "model": "RecommendSystem.genre",
  "pk": 3,
  "fields": {
    "genre_name": "Русская классика"
  }
},
{
  "model": "RecommendSystem.genre",
  "pk": 4,
  "fields": {
    "genre_name": "Мистика"
  }
},
{
  "model": "RecommendSystem.genre",
  "pk": 5,
  "fields": {
    "genre_name": "Классическая проза"
  }
},
{
  "model": "RecommendSystem.genre",
  "pk": 6,
  "fields": {
    "genre_name": "Научное пособие"
  }
},
{
  "model": "RecommendSystem.genre",
  "pk": 7,
  "fields": {
    "genre_name": "Методичка"
  }
},
{
  "model": "RecommendSystem.genre",
  "pk": 8,
  "fields": {
    "genre_name": "Роман"
  }
},
{
  "model": "RecommendSystem.genre",
  "pk": 9,
  "fields": {
    "genre_name": "Роман-эпопея"
  }
},
{
  "model": "RecommendSystem.genre",
  "pk": 10,
  "fields": {
    "genre_name": "Очерк"
  }
},
{
  "model": "RecommendSystem.genre",
  "pk": 11,
  "fields": {
    "genre_name": "Басни"
  }
},
{
  "model": "RecommendSystem.author",
  "pk": 1,
  "fields": {
    "firstname": "Сергей",
    "lastname": "Лукьяненко",
    "patronymic": "Васильевич",
    "image": "images/authors/Лукьяненко.jpg",
    "description": "Сергей Васильевич Лукьяненко — советский и российский писатель-фантаст, сценарист, блогер, колумнист. Называет жанр своих произведений «фантастикой жёсткого действия» или «фантастикой Пути».\r\n\r\nПервые книги Лукьяненко вышли на рубеже 1980-х — 1990-х годов. Официальный сайт писателя утверждает, что в первых произведениях Сергея Васильевича сильно чувствуется подражание Владиславу Крапивину и Роберту Хайнлайну, однако писатель довольно быстро перешёл к творчеству в собственном оригинальном стиле."
  }
},
{
  "model": "RecommendSystem.author",
  "pk": 2,
  "fields": {
    "firstname": "Николай",
    "lastname": "Гоголь",
    "patronymic": "Васильевич",
    "image": "images/authors/Гоголь.jpg",
    "description": "Николай Васильевич Гоголь — русский прозаик, драматург, критик, публицист, признанный одним из классиков русской литературы. Происходил из старинного малороссийского дворянского рода Гоголей-Яновских.\r\n\r\nПо мнению В. Белинского и Н. Чернышевского, Гоголь стал основателем литературного направления — основного этапа «натуральной школы» 1840-х годов; современные исследователи считают, что он оказал большое влияние на русскую и мировую литературу. Влияние Гоголя на своё творчество признавали Михаил Булгаков, Фёдор Достоевский, Рюноскэ Акутагава, Фланнери О’Коннор, Франц Кафка и многие другие."
  }
},
{
  "model": "RecommendSystem.author",
  "pk": 3,
  "fields": {
    "firstname": "Федор",
    "lastname": "Достоевский",
    "patronymic": "Михайлович",
    "image": "images/authors/Достоевский.jpg",
    "description": "Фёдор Миха́йлович Достое́вский — русский писатель, мыслитель, философ и публицист. Член-корреспондент Петербургской академии наук с 1877 года. Классик мировой литературы, по данным ЮНЕСКО, один из самых читаемых писателей в мире. Собрание сочинений Достоевского состоит из 12 романов, четырёх новелл, 16 рассказов и множества других произведений."
  }
},
{
  "model": "RecommendSystem.author",
  "pk": 4,
  "fields": {
    "firstname": "Михаил",
    "lastname": "Булгаков",
    "patronymic": "Афанасьевич",
    "image": "images/authors/Булгаков.jpg",
    "description": "Михаил Афанасьевич Булгаков — русский писатель советского периода, врач, драматург, театральный режиссёр и актёр. Автор романов, повестей, рассказов, пьес, киносценариев и фельетонов, написанных в 1920-е годы."
  }
},
{
  "model": "RecommendSystem.author",
  "pk": 5,
  "fields": {
    "firstname": "Виктор",
    "lastname": "Астафьев",
    "patronymic": "Петрович",
    "image": "images/authors/Астафьев.jpg",
    "description": "Виктор Петрович Астафьев (1 мая 1924, Овсянка, Красноярский уезд, Енисейская губерния, СССР — 29 ноября 2001, Красноярск, Россия) — советский и российский писатель, эссеист, драматург, сценарист."
  }
},
{
  "model": "RecommendSystem.author",
  "pk": 6,
  "fields": {
    "firstname": "Антон",
    "lastname": "Чехоф",
    "patronymic": "Павлович",
    "image": "images/authors/Чехов.jpg",
    "description": "Антон Павлович Чехов (17 (29) января 1860, Таганрог, Екатеринославская губерния (ныне Ростовская область), Российская империя — 2 (15) июля 1904, Баденвайлер, Германская империя) — русский писатель, прозаик, драматург, публицист, врач, общественный деятель в сфере благотворительности."
  }
},
{
  "model": "RecommendSystem.author",
  "pk": 7,
  "fields": {
    "firstname": "Михаил",
    "lastname": "Шолохов",
    "patronymic": "Александрович",
    "image": "images/authors/Шолохов.jpg",
    "description": "Михаи́л Алекса́ндрович Шо́лохов (24 мая 1905, хутор Кружилинский, станица Вёшенская, Донецкий округ, область Войска Донского, Российская империя — 21 февраля 1984, станица Вёшенская, Вёшенский район, Ростовская область, РСФСР, СССР) — русский советский писатель, журналист и киносценарист. Военный корреспондент (1941—1945). Полковник (1943). Шолохов — третий после И. Бунина (1933) и Б. Пастернака (1958) лауреат Нобелевской премии по литературе среди русских писателей. Нобелевская премия за 1965 год была присуждена ему за роман «Тихий Дон» — «за художественную силу и цельность эпоса о донском казачестве в переломное для России время», Сталинской премии первой степени (1941), Ленинской премии (1960). Действительный член АН СССР (1939). Дважды Герой Социалистического Труда (1967, 1980)."
  }
},
{
  "model": "RecommendSystem.author",
  "pk": 8,
  "fields": {
    "firstname": "Алексей",
    "lastname": "Пешков",
    "patronymic": "Максимович",
    "image": "images/authors/Горький.jpg",
    "description": "Макси́м Го́рький (литературный псевдоним, настоящие имя и фамилия — Алексе́й Макси́мович Пешко́в[5][6][7]), также Алексе́й Макси́мович Го́рький[8], (16 [28] марта 1868, Нижний Новгород, Российская империя — 18 июня 1936, Горки[9], Московская область, СССР) — русский советский писатель, поэт, прозаик, драматург, журналист и общественный деятель, публицист."
  }
},
{
  "model": "RecommendSystem.author",
  "pk": 9,
  "fields": {
    "firstname": "Рэй",
    "lastname": "Брэдбери",
    "patronymic": "Дуглас",
    "image": "images/authors/Брэдбери.jpg",
    "description": "Рэй Ду́глас Брэ́дбери (англ. Ray Douglas Bradbury; 22 августа 1920 года, Уокиган, США — 5 июня 2012 года, Лос-Анджелес[5][7][8]) — американский писатель, известный по антиутопии «451 градус по Фаренгейту», циклу рассказов «Марсианские хроники» и частично автобиографической повести «Вино из одуванчиков»[9][10]."
  }
},
{
  "model": "RecommendSystem.author",
  "pk": 10,
  "fields": {
    "firstname": "Александр",
    "lastname": "Пушкин",
    "patronymic": "Сергеевич",
    "image": "images/authors/Geirby.jpg",
    "description": "Алекса́ндр Серге́евич Пу́шкин (26 мая [6 июня] 1799, Москва — 29 января [10 февраля] 1837, Санкт-Петербург) — русский поэт, драматург и прозаик, заложивший основы русского реалистического направления[2], литературный критик[3] и теоретик литературы, историк[3], публицист, журналист[3].\r\n\r\nОдин из самых авторитетных литературных деятелей первой трети XIX века. Ещё при жизни Пушкина сложилась его репутация величайшего национального русского поэта[4][5]. Пушкин рассматривается как основоположник современного русского литературного языка[~ 2]."
  }
},
{
  "model": "RecommendSystem.historicalbook",
  "pk": 1,
  "fields": {
    "id": 8,
    "book_name": "Чистовик",
    "image": "images/book_faces/Чистовик.webp",
    "year": 2008,
    "rating": 0,
    "annotation": "Хоть Кирилл Максимов и перестал быть функционалом-таможенником, его жизнь не стала легче. Теперь его преследуют сотрудники службы безопасности Аркана. Все, что можно сделать, – сбежать. Сбежать в Харьков, в Эльблонг, на заснеженный Янус, в технически отсталую Твердь и снова в Москву.\r\n\r\nКириллу предстоит узнать, зачем функционалы создали все эти миры, принять вызов на решающую дуэль и сделать самый важный выбор в своей жизни.",
    "author": 1,
    "genre": 1,
    "history_date": "2023-11-23T01:46:36.579Z",
    "history_change_reason": null,
    "history_type": "~",
    "history_user": 1
  }
},
{
  "model": "RecommendSystem.historicalbook",
  "pk": 2,
  "fields": {
    "id": 8,
    "book_name": "Чистовик",
    "image": "images/book_faces/Чистовик.webp",
    "year": 2007,
    "rating": 0,
    "annotation": "Хоть Кирилл Максимов и перестал быть функционалом-таможенником, его жизнь не стала легче. Теперь его преследуют сотрудники службы безопасности Аркана. Все, что можно сделать, – сбежать. Сбежать в Харьков, в Эльблонг, на заснеженный Янус, в технически отсталую Твердь и снова в Москву.\r\n\r\nКириллу предстоит узнать, зачем функционалы создали все эти миры, принять вызов на решающую дуэль и сделать самый важный выбор в своей жизни.",
    "author": 1,
    "genre": 1,
    "history_date": "2023-11-23T01:46:50.100Z",
    "history_change_reason": null,
    "history_type": "~",
    "history_user": 1
  }
},
{
  "model": "RecommendSystem.historicalbook",
  "pk": 3,
  "fields": {
    "id": 8,
    "book_name": "Чистовик",
    "image": "images/book_faces/Чистовик.webp",
    "year": 2008,
    "rating": 0,
    "annotation": "Хоть Кирилл Максимов и перестал быть функционалом-таможенником, его жизнь не стала легче. Теперь его преследуют сотрудники службы безопасности Аркана. Все, что можно сделать, – сбежать. Сбежать в Харьков, в Эльблонг, на заснеженный Янус, в технически отсталую Твердь и снова в Москву.\r\n\r\nКириллу предстоит узнать, зачем функционалы создали все эти миры, принять вызов на решающую дуэль и сделать самый важный выбор в своей жизни.",
    "author": 1,
    "genre": 1,
    "history_date": "2023-11-23T06:14:16.018Z",
    "history_change_reason": null,
    "history_type": "~",
    "history_user": 1
  }
},
{
  "model": "RecommendSystem.book",
  "pk": 8,
  "fields": {
    "book_name": "Чистовик",
    "author": 1,
    "image": "images/book_faces/Чистовик.webp",
    "genre": 1,
    "year": 2008,
    "rating": 0,
    "annotation": "Хоть Кирилл Максимов и перестал быть функционалом-таможенником, его жизнь не стала легче. Теперь его преследуют сотрудники службы безопасности Аркана. Все, что можно сделать, – сбежать. Сбежать в Харьков, в Эльблонг, на заснеженный Янус, в технически отсталую Твердь и снова в Москву.\r\n\r\nКириллу предстоит узнать, зачем функционалы создали все эти миры, принять вызов на решающую дуэль и сделать самый важный выбор в своей жизни."
  }
},
{
  "model": "RecommendSystem.book",
  "pk": 9,
  "fields": {
    "book_name": "Черновик",
    "author": 1,
    "image": "images/book_faces/Черновик.webp",
    "genre": 1,
    "year": 2005,
    "rating": 0,
    "annotation": "Это кажется каким-то страшным сном, настоящим абсурдом. Кирилл Максимов вернулся к себе домой, но там живет другой человек. Его не узнают ни его соседи, ни его собственная собака. Каждый, кто видит Кирилла, тут же забывает его лицо. А тут еще какой-то незнакомец звонит и заставляет куда-то идти…\r\n\r\nА что остается делать, кроме как подчиниться, если у тебя даже нет крыши над головой? И если ты стерт из этой жизни, может быть, тебя ждет новая, куда более интересная?"
  }
},
{
  "model": "RecommendSystem.book",
  "pk": 10,
  "fields": {
    "book_name": "Глубина: Лабиринт отражений. Фальшивые зеркала. Прозрачные витражи",
    "author": 1,
    "image": "images/book_faces/Глубина.webp",
    "genre": 1,
    "year": 1997,
    "rating": -1,
    "annotation": "То, что в виртуальном мире невозможно умереть по-настоящему, – правда только наполовину. С человеком, вошедшим в Глубину, может случиться что угодно, а виртуальные интриги бывают куда более закрученными и опасными, чем реальные.\r\n\r\nПод обложкой книги «Глубина» собраны все романы трилогии о Диптауне и его обитателях. Окунитесь в приключения отважного дайвера Леонида-Стрелка, его возлюбленной Вики и команды хакеров на просторах виртуального мира. Но смотрите, чтобы Глубина не забрала вас."
  }
},
{
  "model": "RecommendSystem.book",
  "pk": 11,
  "fields": {
    "book_name": "Дозоры: Ночной Дозор. Дневной Дозор. Сумеречный Дозор",
    "author": 1,
    "image": "images/book_faces/Ночной_дозор.webp",
    "genre": 2,
    "year": 1998,
    "rating": -2,
    "annotation": "Первые три романа легендарного цикла «Дозоры» от отечественного фантаста номер один, переведенного на два десятка языков.\r\n\r\nИстория вечного противостояния Светлых и Темных магов.\r\n\r\nТайные боевые операции, жестокие интриги и высокая политика, белое пламя любви и ненависти, где плавятся судьбы людей и Иных, отстаивающих свою истину…"
  }
},
{
  "model": "RecommendSystem.book",
  "pk": 12,
  "fields": {
    "book_name": "Функционал: Черновик. Чистовик",
    "author": 1,
    "image": "images/book_faces/Функционал.webp",
    "genre": 1,
    "year": 2004,
    "rating": 0,
    "annotation": "Еще вчера у него была своя квартира, работа, друзья, собака, налаженный быт… а сегодня мир словно перевернулся – никто не узнает парня, даже самые близкие люди, а документы, подтверждающие его личность, рассыпаются в пыль.\r\n\r\nСумасшествие? Нет, жестокое испытание, после которого Кирилл становится функционалом – человеком, наделенным сверхспособностями и возможностью перемещаться между параллельными мирами.\r\n\r\nКто такие эти функционалы?\r\n\r\nВ чем состоит их предназначение?\r\n\r\nИ чем заплатит Кирилл за свою новую, улучшенную жизнь?"
  }
},
{
  "model": "RecommendSystem.book",
  "pk": 13,
  "fields": {
    "book_name": "Мертвые души",
    "author": 2,
    "image": "images/book_faces/Мертвые_души.webp",
    "genre": 3,
    "year": 1842,
    "rating": 0,
    "annotation": "В книгу вошли бессмертная поэма великого русского писателя Н. В. Гоголя «Мертвые души» и статьи замечательных русских критиков К. С. Аксакова и В. Г. Белинского, а также очерки известного современного литературоведа В. А. Воропаева.\r\n\r\nДля старшего школьного возраста."
  }
},
{
  "model": "RecommendSystem.book",
  "pk": 14,
  "fields": {
    "book_name": "Вечера на хуторе близ Диканьки",
    "author": 2,
    "image": "images/book_faces/Вечер.webp",
    "genre": 3,
    "year": 1832,
    "rating": -1,
    "annotation": "«Вечера на хуторе близ Диканьки» – одно из самых ярких и замечательных сочинений великого русского писателя Н. В. Гоголя.\r\n\r\nДля старшего школьного возраста."
  }
},
{
  "model": "RecommendSystem.book",
  "pk": 15,
  "fields": {
    "book_name": "Ревизор",
    "author": 2,
    "image": "images/book_faces/Ревизор.webp",
    "genre": 3,
    "year": 1832,
    "rating": -2,
    "annotation": "«Ревизор» – одна из лучших русских комедий. Н. В. Гоголь заставил современников смеяться над тем, к чему они привыкли и что перестали замечать. И сегодня комедия, созданная великим русским писателем, продолжая звучать современно, указывает путь к нравственному возрождению."
  }
},
{
  "model": "RecommendSystem.book",
  "pk": 16,
  "fields": {
    "book_name": "Идиот",
    "author": 3,
    "image": "images/book_faces/Идиот.webp",
    "genre": 3,
    "year": 1868,
    "rating": -1,
    "annotation": "В книгу вошел бессмертный роман Ф. М. Достоевского «Идиот» – о «положительно прекрасном человеке», безгрешном, почти идеальном, который пытается любить «ближнего, как самого себя», любить всех Христовой любовью. И об изначальной обреченности этих попыток…\r\n\r\nПроизведение включено в перечень «100 книг по истории, культуре и литературе народов Российской Федерации, рекомендуемых школьникам к самостоятельному прочтению».\r\n\r\nДля старшего школьного возраста."
  }
},
{
  "model": "RecommendSystem.book",
  "pk": 17,
  "fields": {
    "book_name": "Преступление и наказание",
    "author": 3,
    "image": "images/book_faces/Преступление.webp",
    "genre": 3,
    "year": 1866,
    "rating": 0,
    "annotation": "Роман Ф. М. Достоевского «Преступление и наказание» издается с предисловием К. Степаняна и комментариями."
  }
},
{
  "model": "RecommendSystem.book",
  "pk": 18,
  "fields": {
    "book_name": "Бесы",
    "author": 3,
    "image": "images/book_faces/Бесы.webp",
    "genre": 3,
    "year": 1872,
    "rating": -1,
    "annotation": "Знаменитый пророческий роман-предупреждение Ф.М. Достоевского (1821–1881) «Бесы» и сейчас интересен современному поколению читателей и не только как литературный шедевр. Роман-памфлет о зарождающемся терроризме и анархизме раскрывает трагедию русской души, в которой поселились бесы."
  }
},
{
  "model": "RecommendSystem.book",
  "pk": 19,
  "fields": {
    "book_name": "Мастер и Маргарита",
    "author": 4,
    "image": "images/book_faces/Мастер_и_Маргарита.webp",
    "genre": 4,
    "year": 1967,
    "rating": 0,
    "annotation": "Жарким майским вечером председатель правления МАССОЛИТ Михаил Берлиоз и молодой поэт Иван Бездомный отправились на Патриаршие пруды, чтобы обсудить: существовал ли Иисус Христос. Беседой литераторов заинтересовался некий импозантный гражданин-иностранец. Профессор Воланд стал уверять новых знакомых, что лично присутствовал на допросе бродяги Иешуа Га-Ноцри, который проводил Понтий Пилат.\r\n\r\nАлександр Берлиоз и Иван Бездомный сочли собеседника сумасшедшим. А зря. Ведь через несколько часов Берлиоз попал под трамвай, а Иван отправился в сумасшедший дом, где и познакомился с мастером – возлюбленным Маргариты, будущей королевой бала у сатаны. Поэт узнает, что именно из-за романа о Понтии Пилате мастер оказался в сумасшедшем доме, а сама рукопись принесла писателю страшные несчастья…\r\n\r\nТем временем Воланд со свитой весьма необычным образом исследуют, как изменились москвичи за последние годы. Это исследование надолго останется в памяти тех, кому довелось столкнуться с происками дьявола и его помощников, обладающих специфическим чувством юмора и особым взглядом на справедливость и милосердие…"
  }
},
{
  "model": "RecommendSystem.book",
  "pk": 20,
  "fields": {
    "book_name": "Собачье сердце",
    "author": 4,
    "image": "images/book_faces/Собачье_сердце.webp",
    "genre": 1,
    "year": 1925,
    "rating": 1,
    "annotation": "Повесть «Собачье сердце» – одно из самых известных и запоминающихся произведений в творчестве Михаила Булгакова. С неподражаемым сарказмом и юмором Булгаков описал небывалый рискованный эксперимент профессора Преображенского по превращению собаки в человека, создав великолепную пародию на парадоксальную обстановку Советской России 30-х годов. Жестокий опыт по выведению новой «породы» людей показывает, что нельзя безнаказанно экспериментировать с природой и менять Божий Промысел в угоду политическим целям. Детища подобных экспериментов способны уничтожить своих создателей."
  }
},
{
  "model": "RecommendSystem.book",
  "pk": 21,
  "fields": {
    "book_name": "Белая гвардия",
    "author": 4,
    "image": "images/book_faces/Белая_гвардия.webp",
    "genre": 5,
    "year": 1924,
    "rating": 0,
    "annotation": "«Белая гвардия» – не просто роман, но своеобразная хроника времени – хроника, увиденная сквозь призму восприятия «детей страшных лет России». Судьба издерганной дворянской семьи, задыхающейся в кровавом водовороте гражданской войны, под пером Булгакова обретает черты эпической трагедии всей русской интеллигенции – трагедии, отголоски которой доносятся до нас и теперь…"
  }
},
{
  "model": "RecommendSystem.comment",
  "pk": 13,
  "fields": {
    "author": 1,
    "book": 8,
    "text": "Отличная книга! Всем рекомендую!",
    "created_at": "2023-06-25",
    "is_hide": false
  }
},
{
  "model": "RecommendSystem.comment",
  "pk": 16,
  "fields": {
    "author": 1,
    "book": 13,
    "text": "Интересная книга. Но не идеальная.",
    "created_at": "2023-06-27",
    "is_hide": false
  }
},
{
  "model": "RecommendSystem.comment",
  "pk": 17,
  "fields": {
    "author": 1,
    "book": 10,
    "text": "Отличная книга! Наблюдать за приключениями Леонида крайне интересно.\r\n",
    "created_at": "2023-06-27",
    "is_hide": false
  }
},
{
  "model": "RecommendSystem.comment",
  "pk": 18,
  "fields": {
    "author": 1,
    "book": 9,
    "text": "Отличная книга.",
    "created_at": "2023-06-27",
    "is_hide": false
  }
},
{
  "model": "RecommendSystem.comment",
  "pk": 19,
  "fields": {
    "author": 9,
    "book": 21,
    "text": "Хорошая книга.\r\n",
    "created_at": "2023-06-27",
    "is_hide": false
  }
},
{
  "model": "RecommendSystem.comment",
  "pk": 20,
  "fields": {
    "author": 9,
    "book": 12,
    "text": "Плохая книга.",
    "created_at": "2023-06-27",
    "is_hide": false
  }
},
{
  "model": "RecommendSystem.comment",
  "pk": 21,
  "fields": {
    "author": 9,
    "book": 11,
    "text": "Не люблю этого автора\r\n",
    "created_at": "2023-06-27",
    "is_hide": false
  }
},
{
  "model": "RecommendSystem.comment",
  "pk": 22,
  "fields": {
    "author": 9,
    "book": 9,
    "text": "А вот мне не очень понравилось. Скучно.\r\n",
    "created_at": "2023-06-27",
    "is_hide": false
  }
},
{
  "model": "RecommendSystem.comment",
  "pk": 23,
  "fields": {
    "author": 9,
    "book": 17,
    "text": "Хорошая книга",
    "created_at": "2023-06-27",
    "is_hide": true
  }
},
{
  "model": "RecommendSystem.comment",
  "pk": 24,
  "fields": {
    "author": 1,
    "book": 8,
    "text": "Книга просто замечательная!",
    "created_at": "2023-06-27",
    "is_hide": true
  }
},
{
  "model": "RecommendSystem.favorite",
  "pk": 27,
  "fields": {
    "user": 1,
    "book": 17
  }
},
{
  "model": "RecommendSystem.favorite",
  "pk": 28,
  "fields": {
    "user": 1,
    "book": 20
  }
},
{
  "model": "RecommendSystem.favorite",
  "pk": 31,
  "fields": {
    "user": 1,
    "book": 13
  }
},
{
  "model": "RecommendSystem.favorite",
  "pk": 32,
  "fields": {
    "user": 9,
    "book": 13
  }
},
{
  "model": "RecommendSystem.favorite",
  "pk": 33,
  "fields": {
    "user": 1,
    "book": 12
  }
},
{
  "model": "RecommendSystem.favorite",
  "pk": 34,
  "fields": {
    "user": 1,
    "book": 10
  }
},
{
  "model": "RecommendSystem.favorite",
  "pk": 35,
  "fields": {
    "user": 1,
    "book": 19
  }
},
{
  "model": "RecommendSystem.favorite",
  "pk": 36,
  "fields": {
    "user": 1,
    "book": 14
  }
},
{
  "model": "RecommendSystem.favorite",
  "pk": 38,
  "fields": {
    "user": 1,
    "book": 9
  }
},
{
  "model": "RecommendSystem.favorite",
  "pk": 39,
  "fields": {
    "user": 1,
    "book": 11
  }
},
{
  "model": "RecommendSystem.favorite",
  "pk": 40,
  "fields": {
    "user": 1,
    "book": 8
  }
},
{
  "model": "RecommendSystem.blacklist",
  "pk": 15,
  "fields": {
    "user": 10,
    "book": 8
  }
},
{
  "model": "RecommendSystem.blacklist",
  "pk": 16,
  "fields": {
    "user": 10,
    "book": 9
  }
},
{
  "model": "RecommendSystem.blacklist",
  "pk": 17,
  "fields": {
    "user": 10,
    "book": 10
  }
},
{
  "model": "RecommendSystem.blacklist",
  "pk": 18,
  "fields": {
    "user": 10,
    "book": 11
  }
},
{
  "model": "RecommendSystem.blacklist",
  "pk": 19,
  "fields": {
    "user": 10,
    "book": 12
  }
},
{
  "model": "RecommendSystem.blacklist",
  "pk": 20,
  "fields": {
    "user": 10,
    "book": 13
  }
},
{
  "model": "RecommendSystem.blacklist",
  "pk": 21,
  "fields": {
    "user": 10,
    "book": 14
  }
},
{
  "model": "RecommendSystem.blacklist",
  "pk": 22,
  "fields": {
    "user": 10,
    "book": 15
  }
},
{
  "model": "RecommendSystem.blacklist",
  "pk": 23,
  "fields": {
    "user": 10,
    "book": 16
  }
},
{
  "model": "RecommendSystem.blacklist",
  "pk": 24,
  "fields": {
    "user": 10,
    "book": 17
  }
},
{
  "model": "RecommendSystem.blacklist",
  "pk": 25,
  "fields": {
    "user": 10,
    "book": 18
  }
},
{
  "model": "RecommendSystem.like",
  "pk": 5,
  "fields": {
    "user": 10,
    "book": 8
  }
},
{
  "model": "RecommendSystem.like",
  "pk": 6,
  "fields": {
    "user": 1,
    "book": 13
  }
},
{
  "model": "RecommendSystem.like",
  "pk": 7,
  "fields": {
    "user": 1,
    "book": 17
  }
},
{
  "model": "RecommendSystem.like",
  "pk": 8,
  "fields": {
    "user": 1,
    "book": 21
  }
},
{
  "model": "RecommendSystem.like",
  "pk": 9,
  "fields": {
    "user": 1,
    "book": 19
  }
},
{
  "model": "RecommendSystem.like",
  "pk": 10,
  "fields": {
    "user": 1,
    "book": 20
  }
},
{
  "model": "RecommendSystem.like",
  "pk": 11,
  "fields": {
    "user": 1,
    "book": 12
  }
},
{
  "model": "RecommendSystem.like",
  "pk": 12,
  "fields": {
    "user": 1,
    "book": 9
  }
},
{
  "model": "RecommendSystem.dislike",
  "pk": 1,
  "fields": {
    "user": 1,
    "book": 15
  }
},
{
  "model": "RecommendSystem.dislike",
  "pk": 3,
  "fields": {
    "user": 1,
    "book": 11
  }
},
{
  "model": "RecommendSystem.dislike",
  "pk": 4,
  "fields": {
    "user": 9,
    "book": 8
  }
},
{
  "model": "RecommendSystem.dislike",
  "pk": 5,
  "fields": {
    "user": 9,
    "book": 9
  }
},
{
  "model": "RecommendSystem.dislike",
  "pk": 6,
  "fields": {
    "user": 9,
    "book": 10
  }
},
{
  "model": "RecommendSystem.dislike",
  "pk": 7,
  "fields": {
    "user": 9,
    "book": 11
  }
},
{
  "model": "RecommendSystem.dislike",
  "pk": 8,
  "fields": {
    "user": 9,
    "book": 12
  }
},
{
  "model": "RecommendSystem.dislike",
  "pk": 9,
  "fields": {
    "user": 9,
    "book": 13
  }
},
{
  "model": "RecommendSystem.dislike",
  "pk": 10,
  "fields": {
    "user": 9,
    "book": 14
  }
},
{
  "model": "RecommendSystem.dislike",
  "pk": 11,
  "fields": {
    "user": 9,
    "book": 15
  }
},
{
  "model": "RecommendSystem.dislike",
  "pk": 12,
  "fields": {
    "user": 9,
    "book": 16
  }
},
{
  "model": "RecommendSystem.dislike",
  "pk": 13,
  "fields": {
    "user": 9,
    "book": 17
  }
},
{
  "model": "RecommendSystem.dislike",
  "pk": 14,
  "fields": {
    "user": 9,
    "book": 18
  }
},
{
  "model": "RecommendSystem.dislike",
  "pk": 15,
  "fields": {
    "user": 9,
    "book": 19
  }
},
{
  "model": "RecommendSystem.dislike",
  "pk": 16,
  "fields": {
    "user": 9,
    "book": 21
  }
},
{
  "model": "admin.logentry",
  "pk": 1,
  "fields": {
    "action_time": "2023-06-20T12:05:23.070Z",
    "user": 1,
    "content_type": 1,
    "object_id": "1",
    "object_repr": "Author object (1)",
    "action_flag": 1,
    "change_message": "[{\"added\": {}}]"
  }
},
{
  "model": "admin.logentry",
  "pk": 2,
  "fields": {
    "action_time": "2023-06-20T12:05:44.312Z",
    "user": 1,
    "content_type": 1,
    "object_id": "1",
    "object_repr": "Author object (1)",
    "action_flag": 2,
    "change_message": "[]"
  }
},
{
  "model": "admin.logentry",
  "pk": 3,
  "fields": {
    "action_time": "2023-06-20T12:09:52.053Z",
    "user": 1,
    "content_type": 3,
    "object_id": "1",
    "object_repr": "Genre object (1)",
    "action_flag": 1,
    "change_message": "[{\"added\": {}}]"
  }
},
{
  "model": "admin.logentry",
  "pk": 4,
  "fields": {
    "action_time": "2023-06-20T12:22:55.409Z",
    "user": 1,
    "content_type": 2,
    "object_id": "1",
    "object_repr": "Book object (1)",
    "action_flag": 1,
    "change_message": "[{\"added\": {}}]"
  }
},
{
  "model": "admin.logentry",
  "pk": 5,
  "fields": {
    "action_time": "2023-06-20T12:28:34.130Z",
    "user": 1,
    "content_type": 2,
    "object_id": "2",
    "object_repr": "Book object (2)",
    "action_flag": 1,
    "change_message": "[{\"added\": {}}]"
  }
},
{
  "model": "admin.logentry",
  "pk": 6,
  "fields": {
    "action_time": "2023-06-20T12:36:34.427Z",
    "user": 1,
    "content_type": 2,
    "object_id": "2",
    "object_repr": "Book object (2)",
    "action_flag": 2,
    "change_message": "[]"
  }
},
{
  "model": "admin.logentry",
  "pk": 7,
  "fields": {
    "action_time": "2023-06-20T14:54:22.295Z",
    "user": 1,
    "content_type": 5,
    "object_id": "1",
    "object_repr": "Comment object (1)",
    "action_flag": 1,
    "change_message": "[{\"added\": {}}]"
  }
},
{
  "model": "admin.logentry",
  "pk": 8,
  "fields": {
    "action_time": "2023-06-21T07:45:31.950Z",
    "user": 1,
    "content_type": 2,
    "object_id": "2",
    "object_repr": "Чистовик",
    "action_flag": 3,
    "change_message": ""
  }
},
{
  "model": "admin.logentry",
  "pk": 9,
  "fields": {
    "action_time": "2023-06-21T07:45:31.971Z",
    "user": 1,
    "content_type": 2,
    "object_id": "1",
    "object_repr": "Черновик",
    "action_flag": 3,
    "change_message": ""
  }
},
{
  "model": "admin.logentry",
  "pk": 10,
  "fields": {
    "action_time": "2023-06-21T07:47:55.929Z",
    "user": 1,
    "content_type": 2,
    "object_id": "3",
    "object_repr": "Чистовик",
    "action_flag": 1,
    "change_message": "[{\"added\": {}}]"
  }
},
{
  "model": "admin.logentry",
  "pk": 11,
  "fields": {
    "action_time": "2023-06-21T08:07:47.907Z",
    "user": 1,
    "content_type": 2,
    "object_id": "3",
    "object_repr": "Чистовик",
    "action_flag": 3,
    "change_message": ""
  }
},
{
  "model": "admin.logentry",
  "pk": 12,
  "fields": {
    "action_time": "2023-06-21T08:08:23.554Z",
    "user": 1,
    "content_type": 2,
    "object_id": "4",
    "object_repr": "Чистовик",
    "action_flag": 1,
    "change_message": "[{\"added\": {}}]"
  }
},
{
  "model": "admin.logentry",
  "pk": 13,
  "fields": {
    "action_time": "2023-06-21T10:24:04.801Z",
    "user": 1,
    "content_type": 2,
    "object_id": "4",
    "object_repr": "Чистовик",
    "action_flag": 3,
    "change_message": ""
  }
},
{
  "model": "admin.logentry",
  "pk": 14,
  "fields": {
    "action_time": "2023-06-21T10:26:37.934Z",
    "user": 1,
    "content_type": 2,
    "object_id": "5",
    "object_repr": "Чистовик",
    "action_flag": 1,
    "change_message": "[{\"added\": {}}]"
  }
},
{
  "model": "admin.logentry",
  "pk": 15,
  "fields": {
    "action_time": "2023-06-21T10:40:37.544Z",
    "user": 1,
    "content_type": 2,
    "object_id": "5",
    "object_repr": "Чистовик",
    "action_flag": 3,
    "change_message": ""
  }
},
{
  "model": "admin.logentry",
  "pk": 16,
  "fields": {
    "action_time": "2023-06-21T10:41:07.920Z",
    "user": 1,
    "content_type": 2,
    "object_id": "6",
    "object_repr": "Чистовик",
    "action_flag": 1,
    "change_message": "[{\"added\": {}}]"
  }
},
{
  "model": "admin.logentry",
  "pk": 17,
  "fields": {
    "action_time": "2023-06-21T10:44:43.398Z",
    "user": 1,
    "content_type": 2,
    "object_id": "6",
    "object_repr": "Чистовик",
    "action_flag": 3,
    "change_message": ""
  }
},
{
  "model": "admin.logentry",
  "pk": 18,
  "fields": {
    "action_time": "2023-06-21T10:45:30.879Z",
    "user": 1,
    "content_type": 2,
    "object_id": "7",
    "object_repr": "Чистовик",
    "action_flag": 1,
    "change_message": "[{\"added\": {}}]"
  }
},
{
  "model": "admin.logentry",
  "pk": 19,
  "fields": {
    "action_time": "2023-06-21T10:52:04.887Z",
    "user": 1,
    "content_type": 2,
    "object_id": "7",
    "object_repr": "Чистовик",
    "action_flag": 3,
    "change_message": ""
  }
},
{
  "model": "admin.logentry",
  "pk": 20,
  "fields": {
    "action_time": "2023-06-21T10:52:29.581Z",
    "user": 1,
    "content_type": 2,
    "object_id": "8",
    "object_repr": "Чистовик",
    "action_flag": 1,
    "change_message": "[{\"added\": {}}]"
  }
},
{
  "model": "admin.logentry",
  "pk": 21,
  "fields": {
    "action_time": "2023-06-22T14:31:26.064Z",
    "user": 1,
    "content_type": 1,
    "object_id": "1",
    "object_repr": "Лукьяненко Сергей Васильевич",
    "action_flag": 2,
    "change_message": "[{\"changed\": {\"fields\": [\"Description\"]}}]"
  }
},
{
  "model": "admin.logentry",
  "pk": 22,
  "fields": {
    "action_time": "2023-06-22T14:31:43.305Z",
    "user": 1,
    "content_type": 1,
    "object_id": "1",
    "object_repr": "Лукьяненко Сергей Васильевич",
    "action_flag": 2,
    "change_message": "[{\"changed\": {\"fields\": [\"Image\"]}}]"
  }
},
{
  "model": "admin.logentry",
  "pk": 23,
  "fields": {
    "action_time": "2023-06-22T14:54:27.000Z",
    "user": 1,
    "content_type": 1,
    "object_id": "2",
    "object_repr": "Гоголь Николай Васильевич",
    "action_flag": 1,
    "change_message": "[{\"added\": {}}]"
  }
},
{
  "model": "admin.logentry",
  "pk": 24,
  "fields": {
    "action_time": "2023-06-22T16:38:10.955Z",
    "user": 1,
    "content_type": 5,
    "object_id": "1",
    "object_repr": "Comment object (1)",
    "action_flag": 1,
    "change_message": "[{\"added\": {}}]"
  }
},
{
  "model": "admin.logentry",
  "pk": 25,
  "fields": {
    "action_time": "2023-06-22T16:42:24.603Z",
    "user": 1,
    "content_type": 4,
    "object_id": "1",
    "object_repr": "Favorite object (1)",
    "action_flag": 1,
    "change_message": "[{\"added\": {}}]"
  }
},
{
  "model": "admin.logentry",
  "pk": 26,
  "fields": {
    "action_time": "2023-06-23T13:52:58.962Z",
    "user": 1,
    "content_type": 10,
    "object_id": "1",
    "object_repr": "IvanPer",
    "action_flag": 2,
    "change_message": "[{\"changed\": {\"fields\": [\"password\"]}}]"
  }
},
{
  "model": "admin.logentry",
  "pk": 27,
  "fields": {
    "action_time": "2023-06-24T18:08:00.015Z",
    "user": 1,
    "content_type": 10,
    "object_id": "3",
    "object_repr": "IliaSham",
    "action_flag": 3,
    "change_message": ""
  }
},
{
  "model": "admin.logentry",
  "pk": 28,
  "fields": {
    "action_time": "2023-06-24T18:08:00.036Z",
    "user": 1,
    "content_type": 10,
    "object_id": "2",
    "object_repr": "IraLop",
    "action_flag": 3,
    "change_message": ""
  }
},
{
  "model": "admin.logentry",
  "pk": 29,
  "fields": {
    "action_time": "2023-06-24T18:08:00.052Z",
    "user": 1,
    "content_type": 10,
    "object_id": "4",
    "object_repr": "KiraSun",
    "action_flag": 3,
    "change_message": ""
  }
},
{
  "model": "admin.logentry",
  "pk": 30,
  "fields": {
    "action_time": "2023-06-24T18:08:00.071Z",
    "user": 1,
    "content_type": 10,
    "object_id": "5",
    "object_repr": "pokemon",
    "action_flag": 3,
    "change_message": ""
  }
},
{
  "model": "admin.logentry",
  "pk": 31,
  "fields": {
    "action_time": "2023-06-24T18:08:00.088Z",
    "user": 1,
    "content_type": 10,
    "object_id": "6",
    "object_repr": "pokemon1",
    "action_flag": 3,
    "change_message": ""
  }
},
{
  "model": "admin.logentry",
  "pk": 32,
  "fields": {
    "action_time": "2023-06-24T18:08:00.105Z",
    "user": 1,
    "content_type": 10,
    "object_id": "7",
    "object_repr": "pokemon2",
    "action_flag": 3,
    "change_message": ""
  }
},
{
  "model": "admin.logentry",
  "pk": 33,
  "fields": {
    "action_time": "2023-06-24T18:08:00.123Z",
    "user": 1,
    "content_type": 10,
    "object_id": "8",
    "object_repr": "pokemon3",
    "action_flag": 3,
    "change_message": ""
  }
},
{
  "model": "admin.logentry",
  "pk": 34,
  "fields": {
    "action_time": "2023-06-24T21:04:30.882Z",
    "user": 1,
    "content_type": 2,
    "object_id": "9",
    "object_repr": "Черновик",
    "action_flag": 1,
    "change_message": "[{\"added\": {}}]"
  }
},
{
  "model": "admin.logentry",
  "pk": 35,
  "fields": {
    "action_time": "2023-06-24T21:07:32.156Z",
    "user": 1,
    "content_type": 2,
    "object_id": "10",
    "object_repr": "Глубина: Лабиринт отражений. Фальшивые зеркала. Прозрачные витражи",
    "action_flag": 1,
    "change_message": "[{\"added\": {}}]"
  }
},
{
  "model": "admin.logentry",
  "pk": 36,
  "fields": {
    "action_time": "2023-06-24T21:08:04.110Z",
    "user": 1,
    "content_type": 2,
    "object_id": "9",
    "object_repr": "Черновик",
    "action_flag": 2,
    "change_message": "[{\"changed\": {\"fields\": [\"Image\"]}}]"
  }
},
{
  "model": "admin.logentry",
  "pk": 37,
  "fields": {
    "action_time": "2023-06-24T21:20:55.542Z",
    "user": 1,
    "content_type": 3,
    "object_id": "2",
    "object_repr": "Городское фэнтези",
    "action_flag": 1,
    "change_message": "[{\"added\": {}}]"
  }
},
{
  "model": "admin.logentry",
  "pk": 38,
  "fields": {
    "action_time": "2023-06-24T21:21:32.235Z",
    "user": 1,
    "content_type": 2,
    "object_id": "11",
    "object_repr": "Дозоры: Ночной Дозор. Дневной Дозор. Сумеречный Дозор",
    "action_flag": 1,
    "change_message": "[{\"added\": {}}]"
  }
},
{
  "model": "admin.logentry",
  "pk": 39,
  "fields": {
    "action_time": "2023-06-24T21:23:16.967Z",
    "user": 1,
    "content_type": 2,
    "object_id": "12",
    "object_repr": "Функционал: Черновик. Чистовик",
    "action_flag": 1,
    "change_message": "[{\"added\": {}}]"
  }
},
{
  "model": "admin.logentry",
  "pk": 40,
  "fields": {
    "action_time": "2023-06-24T21:29:31.768Z",
    "user": 1,
    "content_type": 3,
    "object_id": "3",
    "object_repr": "Русская классика",
    "action_flag": 1,
    "change_message": "[{\"added\": {}}]"
  }
},
{
  "model": "admin.logentry",
  "pk": 41,
  "fields": {
    "action_time": "2023-06-24T21:31:19.746Z",
    "user": 1,
    "content_type": 2,
    "object_id": "13",
    "object_repr": "Мертвые души",
    "action_flag": 1,
    "change_message": "[{\"added\": {}}]"
  }
},
{
  "model": "admin.logentry",
  "pk": 42,
  "fields": {
    "action_time": "2023-06-24T21:32:48.109Z",
    "user": 1,
    "content_type": 2,
    "object_id": "14",
    "object_repr": "Вечера на хуторе близ Диканьки",
    "action_flag": 1,
    "change_message": "[{\"added\": {}}]"
  }
},
{
  "model": "admin.logentry",
  "pk": 43,
  "fields": {
    "action_time": "2023-06-24T21:35:37.344Z",
    "user": 1,
    "content_type": 2,
    "object_id": "15",
    "object_repr": "Ревизор",
    "action_flag": 1,
    "change_message": "[{\"added\": {}}]"
  }
},
{
  "model": "admin.logentry",
  "pk": 44,
  "fields": {
    "action_time": "2023-06-24T21:41:15.995Z",
    "user": 1,
    "content_type": 1,
    "object_id": "3",
    "object_repr": "Достоевский Федор Михайлович",
    "action_flag": 1,
    "change_message": "[{\"added\": {}}]"
  }
},
{
  "model": "admin.logentry",
  "pk": 45,
  "fields": {
    "action_time": "2023-06-24T21:44:07.989Z",
    "user": 1,
    "content_type": 2,
    "object_id": "16",
    "object_repr": "Идиот",
    "action_flag": 1,
    "change_message": "[{\"added\": {}}]"
  }
},
{
  "model": "admin.logentry",
  "pk": 46,
  "fields": {
    "action_time": "2023-06-24T21:47:05.502Z",
    "user": 1,
    "content_type": 2,
    "object_id": "17",
    "object_repr": "Преступление и наказание",
    "action_flag": 1,
    "change_message": "[{\"added\": {}}]"
  }
},
{
  "model": "admin.logentry",
  "pk": 47,
  "fields": {
    "action_time": "2023-06-24T21:48:10.370Z",
    "user": 1,
    "content_type": 2,
    "object_id": "18",
    "object_repr": "Бесы",
    "action_flag": 1,
    "change_message": "[{\"added\": {}}]"
  }
},
{
  "model": "admin.logentry",
  "pk": 48,
  "fields": {
    "action_time": "2023-06-24T21:50:50.178Z",
    "user": 1,
    "content_type": 1,
    "object_id": "4",
    "object_repr": "Булгаков Михаил Афанасьевич",
    "action_flag": 1,
    "change_message": "[{\"added\": {}}]"
  }
},
{
  "model": "admin.logentry",
  "pk": 49,
  "fields": {
    "action_time": "2023-06-24T21:51:07.906Z",
    "user": 1,
    "content_type": 3,
    "object_id": "4",
    "object_repr": "Мистика",
    "action_flag": 1,
    "change_message": "[{\"added\": {}}]"
  }
},
{
  "model": "admin.logentry",
  "pk": 50,
  "fields": {
    "action_time": "2023-06-24T21:52:10.028Z",
    "user": 1,
    "content_type": 2,
    "object_id": "19",
    "object_repr": "Мастер и Маргарита",
    "action_flag": 1,
    "change_message": "[{\"added\": {}}]"
  }
},
{
  "model": "admin.logentry",
  "pk": 51,
  "fields": {
    "action_time": "2023-06-24T21:55:25.445Z",
    "user": 1,
    "content_type": 2,
    "object_id": "20",
    "object_repr": "Собачье сердце",
    "action_flag": 1,
    "change_message": "[{\"added\": {}}]"
  }
},
{
  "model": "admin.logentry",
  "pk": 52,
  "fields": {
    "action_time": "2023-06-24T21:56:35.842Z",
    "user": 1,
    "content_type": 3,
    "object_id": "5",
    "object_repr": "Классическая проза",
    "action_flag": 1,
    "change_message": "[{\"added\": {}}]"
  }
},
{
  "model": "admin.logentry",
  "pk": 53,
  "fields": {
    "action_time": "2023-06-24T21:57:27.432Z",
    "user": 1,
    "content_type": 2,
    "object_id": "21",
    "object_repr": "Белая гвардия",
    "action_flag": 1,
    "change_message": "[{\"added\": {}}]"
  }
},
{
  "model": "admin.logentry",
  "pk": 54,
  "fields": {
    "action_time": "2023-06-25T11:00:14.186Z",
    "user": 1,
    "content_type": 4,
    "object_id": "6",
    "object_repr": "User: IvanPer\nBook: Черновик",
    "action_flag": 2,
    "change_message": "[{\"changed\": {\"fields\": [\"Book\"]}}]"
  }
},
{
  "model": "admin.logentry",
  "pk": 55,
  "fields": {
    "action_time": "2023-06-25T11:02:30.044Z",
    "user": 1,
    "content_type": 4,
    "object_id": "6",
    "object_repr": "User: IvanPer\nBook: Черновик",
    "action_flag": 3,
    "change_message": ""
  }
},
{
  "model": "admin.logentry",
  "pk": 56,
  "fields": {
    "action_time": "2023-06-25T11:58:41.645Z",
    "user": 1,
    "content_type": 5,
    "object_id": "9",
    "object_repr": "Comment object (9)",
    "action_flag": 3,
    "change_message": ""
  }
},
{
  "model": "admin.logentry",
  "pk": 57,
  "fields": {
    "action_time": "2023-06-25T11:58:51.259Z",
    "user": 1,
    "content_type": 4,
    "object_id": "15",
    "object_repr": "User: Ira\nBook: Чистовик",
    "action_flag": 3,
    "change_message": ""
  }
},
{
  "model": "admin.logentry",
  "pk": 58,
  "fields": {
    "action_time": "2023-06-25T12:12:41.309Z",
    "user": 1,
    "content_type": 4,
    "object_id": "17",
    "object_repr": "User: IvanPer\nBook: Черновик",
    "action_flag": 3,
    "change_message": ""
  }
},
{
  "model": "admin.logentry",
  "pk": 59,
  "fields": {
    "action_time": "2023-06-25T13:47:51.030Z",
    "user": 1,
    "content_type": 13,
    "object_id": "2",
    "object_repr": "Like object (2)",
    "action_flag": 3,
    "change_message": ""
  }
},
{
  "model": "admin.logentry",
  "pk": 60,
  "fields": {
    "action_time": "2023-06-25T13:48:34.744Z",
    "user": 1,
    "content_type": 2,
    "object_id": "8",
    "object_repr": "Чистовик",
    "action_flag": 2,
    "change_message": "[{\"changed\": {\"fields\": [\"Rating\"]}}]"
  }
},
{
  "model": "admin.logentry",
  "pk": 61,
  "fields": {
    "action_time": "2023-06-26T17:55:29.006Z",
    "user": 1,
    "content_type": 4,
    "object_id": "32",
    "object_repr": "User: Ira\nBook: Мертвые души",
    "action_flag": 1,
    "change_message": "[{\"added\": {}}]"
  }
},
{
  "model": "admin.logentry",
  "pk": 62,
  "fields": {
    "action_time": "2023-06-27T12:48:41.004Z",
    "user": 1,
    "content_type": 2,
    "object_id": "21",
    "object_repr": "Белая гвардия",
    "action_flag": 2,
    "change_message": "[]"
  }
},
{
  "model": "admin.logentry",
  "pk": 63,
  "fields": {
    "action_time": "2023-06-27T12:48:51.223Z",
    "user": 1,
    "content_type": 2,
    "object_id": "21",
    "object_repr": "Белая гвардия",
    "action_flag": 2,
    "change_message": "[]"
  }
},
{
  "model": "admin.logentry",
  "pk": 64,
  "fields": {
    "action_time": "2023-06-27T12:49:26.388Z",
    "user": 1,
    "content_type": 2,
    "object_id": "21",
    "object_repr": "Белая гвардия",
    "action_flag": 2,
    "change_message": "[]"
  }
},
{
  "model": "admin.logentry",
  "pk": 65,
  "fields": {
    "action_time": "2023-06-27T12:49:50.841Z",
    "user": 1,
    "content_type": 2,
    "object_id": "21",
    "object_repr": "Белая гвардия",
    "action_flag": 2,
    "change_message": "[{\"changed\": {\"fields\": [\"\\u0410\\u0432\\u0442\\u043e\\u0440\"]}}]"
  }
},
{
  "model": "admin.logentry",
  "pk": 66,
  "fields": {
    "action_time": "2023-06-27T12:49:54.876Z",
    "user": 1,
    "content_type": 2,
    "object_id": "21",
    "object_repr": "Белая гвардия",
    "action_flag": 2,
    "change_message": "[{\"changed\": {\"fields\": [\"\\u0410\\u0432\\u0442\\u043e\\u0440\"]}}]"
  }
},
{
  "model": "admin.logentry",
  "pk": 67,
  "fields": {
    "action_time": "2023-06-27T12:54:03.551Z",
    "user": 1,
    "content_type": 1,
    "object_id": "5",
    "object_repr": "Астафьев Виктор Петрович",
    "action_flag": 1,
    "change_message": "[{\"added\": {}}]"
  }
},
{
  "model": "admin.logentry",
  "pk": 68,
  "fields": {
    "action_time": "2023-06-27T12:55:41.025Z",
    "user": 1,
    "content_type": 1,
    "object_id": "6",
    "object_repr": "Чехоф Антон Павлович",
    "action_flag": 1,
    "change_message": "[{\"added\": {}}]"
  }
},
{
  "model": "admin.logentry",
  "pk": 69,
  "fields": {
    "action_time": "2023-06-27T12:56:56.008Z",
    "user": 1,
    "content_type": 1,
    "object_id": "7",
    "object_repr": "Шолохов Михаил Александрович",
    "action_flag": 1,
    "change_message": "[{\"added\": {}}]"
  }
},
{
  "model": "admin.logentry",
  "pk": 70,
  "fields": {
    "action_time": "2023-06-27T12:58:21.301Z",
    "user": 1,
    "content_type": 1,
    "object_id": "8",
    "object_repr": "Пешков Алексей Максимович",
    "action_flag": 1,
    "change_message": "[{\"added\": {}}]"
  }
},
{
  "model": "admin.logentry",
  "pk": 71,
  "fields": {
    "action_time": "2023-06-27T13:00:07.568Z",
    "user": 1,
    "content_type": 1,
    "object_id": "9",
    "object_repr": "Брэдбери Рэй Дуглас",
    "action_flag": 1,
    "change_message": "[{\"added\": {}}]"
  }
},
{
  "model": "admin.logentry",
  "pk": 72,
  "fields": {
    "action_time": "2023-06-27T13:01:20.941Z",
    "user": 1,
    "content_type": 1,
    "object_id": "10",
    "object_repr": "Пушкин Александр Сергеевич",
    "action_flag": 1,
    "change_message": "[{\"added\": {}}]"
  }
},
{
  "model": "admin.logentry",
  "pk": 73,
  "fields": {
    "action_time": "2023-06-27T13:08:47.298Z",
    "user": 1,
    "content_type": 3,
    "object_id": "6",
    "object_repr": "Научное пособие",
    "action_flag": 1,
    "change_message": "[{\"added\": {}}]"
  }
},
{
  "model": "admin.logentry",
  "pk": 74,
  "fields": {
    "action_time": "2023-06-27T13:08:53.131Z",
    "user": 1,
    "content_type": 3,
    "object_id": "7",
    "object_repr": "Методичка",
    "action_flag": 1,
    "change_message": "[{\"added\": {}}]"
  }
},
{
  "model": "admin.logentry",
  "pk": 75,
  "fields": {
    "action_time": "2023-06-27T13:09:02.278Z",
    "user": 1,
    "content_type": 3,
    "object_id": "8",
    "object_repr": "Роман",
    "action_flag": 1,
    "change_message": "[{\"added\": {}}]"
  }
},
{
  "model": "admin.logentry",
  "pk": 76,
  "fields": {
    "action_time": "2023-06-27T13:09:14.447Z",
    "user": 1,
    "content_type": 3,
    "object_id": "9",
    "object_repr": "Роман-эпопея",
    "action_flag": 1,
    "change_message": "[{\"added\": {}}]"
  }
},
{
  "model": "admin.logentry",
  "pk": 77,
  "fields": {
    "action_time": "2023-06-27T13:09:21.286Z",
    "user": 1,
    "content_type": 3,
    "object_id": "10",
    "object_repr": "Очерк",
    "action_flag": 1,
    "change_message": "[{\"added\": {}}]"
  }
},
{
  "model": "admin.logentry",
  "pk": 78,
  "fields": {
    "action_time": "2023-11-22T15:33:27.915Z",
    "user": 11,
    "content_type": 10,
    "object_id": "1",
    "object_repr": "IvanPer",
    "action_flag": 2,
    "change_message": "[{\"changed\": {\"fields\": [\"password\"]}}]"
  }
},
{
  "model": "admin.logentry",
  "pk": 79,
  "fields": {
    "action_time": "2023-11-23T10:38:47.329Z",
    "user": 1,
    "content_type": 5,
    "object_id": "24",
    "object_repr": "Комментарий пользователя (1) к книге (8)",
    "action_flag": 2,
    "change_message": "[{\"changed\": {\"fields\": [\"\\u0421\\u043e\\u0434\\u0435\\u0440\\u0436\\u0430\\u043d\\u0438\\u0435\", \"\\u0421\\u043a\\u0440\\u044b\\u0442\"]}}]"
  }
},
{
  "model": "auth.permission",
  "pk": 1,
  "fields": {
    "name": "Can add author",
    "content_type": 1,
    "codename": "add_author"
  }
},
{
  "model": "auth.permission",
  "pk": 2,
  "fields": {
    "name": "Can change author",
    "content_type": 1,
    "codename": "change_author"
  }
},
{
  "model": "auth.permission",
  "pk": 3,
  "fields": {
    "name": "Can delete author",
    "content_type": 1,
    "codename": "delete_author"
  }
},
{
  "model": "auth.permission",
  "pk": 4,
  "fields": {
    "name": "Can view author",
    "content_type": 1,
    "codename": "view_author"
  }
},
{
  "model": "auth.permission",
  "pk": 5,
  "fields": {
    "name": "Can add book",
    "content_type": 2,
    "codename": "add_book"
  }
},
{
  "model": "auth.permission",
  "pk": 6,
  "fields": {
    "name": "Can change book",
    "content_type": 2,
    "codename": "change_book"
  }
},
{
  "model": "auth.permission",
  "pk": 7,
  "fields": {
    "name": "Can delete book",
    "content_type": 2,
    "codename": "delete_book"
  }
},
{
  "model": "auth.permission",
  "pk": 8,
  "fields": {
    "name": "Can view book",
    "content_type": 2,
    "codename": "view_book"
  }
},
{
  "model": "auth.permission",
  "pk": 9,
  "fields": {
    "name": "Can add genre",
    "content_type": 3,
    "codename": "add_genre"
  }
},
{
  "model": "auth.permission",
  "pk": 10,
  "fields": {
    "name": "Can change genre",
    "content_type": 3,
    "codename": "change_genre"
  }
},
{
  "model": "auth.permission",
  "pk": 11,
  "fields": {
    "name": "Can delete genre",
    "content_type": 3,
    "codename": "delete_genre"
  }
},
{
  "model": "auth.permission",
  "pk": 12,
  "fields": {
    "name": "Can view genre",
    "content_type": 3,
    "codename": "view_genre"
  }
},
{
  "model": "auth.permission",
  "pk": 13,
  "fields": {
    "name": "Can add favorites",
    "content_type": 4,
    "codename": "add_favorites"
  }
},
{
  "model": "auth.permission",
  "pk": 14,
  "fields": {
    "name": "Can change favorites",
    "content_type": 4,
    "codename": "change_favorites"
  }
},
{
  "model": "auth.permission",
  "pk": 15,
  "fields": {
    "name": "Can delete favorites",
    "content_type": 4,
    "codename": "delete_favorites"
  }
},
{
  "model": "auth.permission",
  "pk": 16,
  "fields": {
    "name": "Can view favorites",
    "content_type": 4,
    "codename": "view_favorites"
  }
},
{
  "model": "auth.permission",
  "pk": 17,
  "fields": {
    "name": "Can add comment",
    "content_type": 5,
    "codename": "add_comment"
  }
},
{
  "model": "auth.permission",
  "pk": 18,
  "fields": {
    "name": "Can change comment",
    "content_type": 5,
    "codename": "change_comment"
  }
},
{
  "model": "auth.permission",
  "pk": 19,
  "fields": {
    "name": "Can delete comment",
    "content_type": 5,
    "codename": "delete_comment"
  }
},
{
  "model": "auth.permission",
  "pk": 20,
  "fields": {
    "name": "Can view comment",
    "content_type": 5,
    "codename": "view_comment"
  }
},
{
  "model": "auth.permission",
  "pk": 21,
  "fields": {
    "name": "Can add black list",
    "content_type": 6,
    "codename": "add_blacklist"
  }
},
{
  "model": "auth.permission",
  "pk": 22,
  "fields": {
    "name": "Can change black list",
    "content_type": 6,
    "codename": "change_blacklist"
  }
},
{
  "model": "auth.permission",
  "pk": 23,
  "fields": {
    "name": "Can delete black list",
    "content_type": 6,
    "codename": "delete_blacklist"
  }
},
{
  "model": "auth.permission",
  "pk": 24,
  "fields": {
    "name": "Can view black list",
    "content_type": 6,
    "codename": "view_blacklist"
  }
},
{
  "model": "auth.permission",
  "pk": 25,
  "fields": {
    "name": "Can add log entry",
    "content_type": 7,
    "codename": "add_logentry"
  }
},
{
  "model": "auth.permission",
  "pk": 26,
  "fields": {
    "name": "Can change log entry",
    "content_type": 7,
    "codename": "change_logentry"
  }
},
{
  "model": "auth.permission",
  "pk": 27,
  "fields": {
    "name": "Can delete log entry",
    "content_type": 7,
    "codename": "delete_logentry"
  }
},
{
  "model": "auth.permission",
  "pk": 28,
  "fields": {
    "name": "Can view log entry",
    "content_type": 7,
    "codename": "view_logentry"
  }
},
{
  "model": "auth.permission",
  "pk": 29,
  "fields": {
    "name": "Can add permission",
    "content_type": 8,
    "codename": "add_permission"
  }
},
{
  "model": "auth.permission",
  "pk": 30,
  "fields": {
    "name": "Can change permission",
    "content_type": 8,
    "codename": "change_permission"
  }
},
{
  "model": "auth.permission",
  "pk": 31,
  "fields": {
    "name": "Can delete permission",
    "content_type": 8,
    "codename": "delete_permission"
  }
},
{
  "model": "auth.permission",
  "pk": 32,
  "fields": {
    "name": "Can view permission",
    "content_type": 8,
    "codename": "view_permission"
  }
},
{
  "model": "auth.permission",
  "pk": 33,
  "fields": {
    "name": "Can add group",
    "content_type": 9,
    "codename": "add_group"
  }
},
{
  "model": "auth.permission",
  "pk": 34,
  "fields": {
    "name": "Can change group",
    "content_type": 9,
    "codename": "change_group"
  }
},
{
  "model": "auth.permission",
  "pk": 35,
  "fields": {
    "name": "Can delete group",
    "content_type": 9,
    "codename": "delete_group"
  }
},
{
  "model": "auth.permission",
  "pk": 36,
  "fields": {
    "name": "Can view group",
    "content_type": 9,
    "codename": "view_group"
  }
},
{
  "model": "auth.permission",
  "pk": 37,
  "fields": {
    "name": "Can add user",
    "content_type": 10,
    "codename": "add_user"
  }
},
{
  "model": "auth.permission",
  "pk": 38,
  "fields": {
    "name": "Can change user",
    "content_type": 10,
    "codename": "change_user"
  }
},
{
  "model": "auth.permission",
  "pk": 39,
  "fields": {
    "name": "Can delete user",
    "content_type": 10,
    "codename": "delete_user"
  }
},
{
  "model": "auth.permission",
  "pk": 40,
  "fields": {
    "name": "Can view user",
    "content_type": 10,
    "codename": "view_user"
  }
},
{
  "model": "auth.permission",
  "pk": 41,
  "fields": {
    "name": "Can add content type",
    "content_type": 11,
    "codename": "add_contenttype"
  }
},
{
  "model": "auth.permission",
  "pk": 42,
  "fields": {
    "name": "Can change content type",
    "content_type": 11,
    "codename": "change_contenttype"
  }
},
{
  "model": "auth.permission",
  "pk": 43,
  "fields": {
    "name": "Can delete content type",
    "content_type": 11,
    "codename": "delete_contenttype"
  }
},
{
  "model": "auth.permission",
  "pk": 44,
  "fields": {
    "name": "Can view content type",
    "content_type": 11,
    "codename": "view_contenttype"
  }
},
{
  "model": "auth.permission",
  "pk": 45,
  "fields": {
    "name": "Can add session",
    "content_type": 12,
    "codename": "add_session"
  }
},
{
  "model": "auth.permission",
  "pk": 46,
  "fields": {
    "name": "Can change session",
    "content_type": 12,
    "codename": "change_session"
  }
},
{
  "model": "auth.permission",
  "pk": 47,
  "fields": {
    "name": "Can delete session",
    "content_type": 12,
    "codename": "delete_session"
  }
},
{
  "model": "auth.permission",
  "pk": 48,
  "fields": {
    "name": "Can view session",
    "content_type": 12,
    "codename": "view_session"
  }
},
{
  "model": "auth.permission",
  "pk": 49,
  "fields": {
    "name": "Can add favorite",
    "content_type": 4,
    "codename": "add_favorite"
  }
},
{
  "model": "auth.permission",
  "pk": 50,
  "fields": {
    "name": "Can change favorite",
    "content_type": 4,
    "codename": "change_favorite"
  }
},
{
  "model": "auth.permission",
  "pk": 51,
  "fields": {
    "name": "Can delete favorite",
    "content_type": 4,
    "codename": "delete_favorite"
  }
},
{
  "model": "auth.permission",
  "pk": 52,
  "fields": {
    "name": "Can view favorite",
    "content_type": 4,
    "codename": "view_favorite"
  }
},
{
  "model": "auth.permission",
  "pk": 53,
  "fields": {
    "name": "Can add like",
    "content_type": 13,
    "codename": "add_like"
  }
},
{
  "model": "auth.permission",
  "pk": 54,
  "fields": {
    "name": "Can change like",
    "content_type": 13,
    "codename": "change_like"
  }
},
{
  "model": "auth.permission",
  "pk": 55,
  "fields": {
    "name": "Can delete like",
    "content_type": 13,
    "codename": "delete_like"
  }
},
{
  "model": "auth.permission",
  "pk": 56,
  "fields": {
    "name": "Can view like",
    "content_type": 13,
    "codename": "view_like"
  }
},
{
  "model": "auth.permission",
  "pk": 57,
  "fields": {
    "name": "Can add dislike",
    "content_type": 14,
    "codename": "add_dislike"
  }
},
{
  "model": "auth.permission",
  "pk": 58,
  "fields": {
    "name": "Can change dislike",
    "content_type": 14,
    "codename": "change_dislike"
  }
},
{
  "model": "auth.permission",
  "pk": 59,
  "fields": {
    "name": "Can delete dislike",
    "content_type": 14,
    "codename": "delete_dislike"
  }
},
{
  "model": "auth.permission",
  "pk": 60,
  "fields": {
    "name": "Can view dislike",
    "content_type": 14,
    "codename": "view_dislike"
  }
},
{
  "model": "auth.permission",
  "pk": 61,
  "fields": {
    "name": "Can add historical Жанр",
    "content_type": 15,
    "codename": "add_historicalgenre"
  }
},
{
  "model": "auth.permission",
  "pk": 62,
  "fields": {
    "name": "Can change historical Жанр",
    "content_type": 15,
    "codename": "change_historicalgenre"
  }
},
{
  "model": "auth.permission",
  "pk": 63,
  "fields": {
    "name": "Can delete historical Жанр",
    "content_type": 15,
    "codename": "delete_historicalgenre"
  }
},
{
  "model": "auth.permission",
  "pk": 64,
  "fields": {
    "name": "Can view historical Жанр",
    "content_type": 15,
    "codename": "view_historicalgenre"
  }
},
{
  "model": "auth.permission",
  "pk": 65,
  "fields": {
    "name": "Can add historical Книгу",
    "content_type": 16,
    "codename": "add_historicalbook"
  }
},
{
  "model": "auth.permission",
  "pk": 66,
  "fields": {
    "name": "Can change historical Книгу",
    "content_type": 16,
    "codename": "change_historicalbook"
  }
},
{
  "model": "auth.permission",
  "pk": 67,
  "fields": {
    "name": "Can delete historical Книгу",
    "content_type": 16,
    "codename": "delete_historicalbook"
  }
},
{
  "model": "auth.permission",
  "pk": 68,
  "fields": {
    "name": "Can view historical Книгу",
    "content_type": 16,
    "codename": "view_historicalbook"
  }
},
{
  "model": "auth.permission",
  "pk": 69,
  "fields": {
    "name": "Can add historical Автора",
    "content_type": 17,
    "codename": "add_historicalauthor"
  }
},
{
  "model": "auth.permission",
  "pk": 70,
  "fields": {
    "name": "Can change historical Автора",
    "content_type": 17,
    "codename": "change_historicalauthor"
  }
},
{
  "model": "auth.permission",
  "pk": 71,
  "fields": {
    "name": "Can delete historical Автора",
    "content_type": 17,
    "codename": "delete_historicalauthor"
  }
},
{
  "model": "auth.permission",
  "pk": 72,
  "fields": {
    "name": "Can view historical Автора",
    "content_type": 17,
    "codename": "view_historicalauthor"
  }
},
{
  "model": "auth.user",
  "pk": 1,
  "fields": {
    "password": "pbkdf2_sha256$600000$dZ0fAjCwJ92ZjqHrWp2Uq9$iaBIHCV5d/z6s4i+OLcGg4nkrBMj6ITv6WbI0dDetbw=",
    "last_login": "2023-11-22T15:34:21.431Z",
    "is_superuser": true,
    "username": "IvanPer",
    "first_name": "",
    "last_name": "",
    "email": "peregh320@gmail.com",
    "is_staff": true,
    "is_active": true,
    "date_joined": "2023-06-20T10:58:30.047Z",
    "groups": [],
    "user_permissions": []
  }
},
{
  "model": "auth.user",
  "pk": 9,
  "fields": {
    "password": "pbkdf2_sha256$600000$th3HMsuzmdFm2uBO6dHbvN$VQfhbVcaUkzVGbNWDzq9bIoKiyG2iFQ28aZTL+NKMg4=",
    "last_login": "2023-06-27T13:20:25.566Z",
    "is_superuser": false,
    "username": "Ira",
    "first_name": "",
    "last_name": "",
    "email": "",
    "is_staff": false,
    "is_active": true,
    "date_joined": "2023-06-25T08:49:57.310Z",
    "groups": [],
    "user_permissions": []
  }
},
{
  "model": "auth.user",
  "pk": 10,
  "fields": {
    "password": "pbkdf2_sha256$600000$aopbpXZKADmdAUG06rXX31$RCVpKZFrra6UG4bbz0vEuEdMGYgUA2+pliyqchCNRZQ=",
    "last_login": "2023-06-27T13:15:40.279Z",
    "is_superuser": false,
    "username": "Pokemon",
    "first_name": "",
    "last_name": "",
    "email": "",
    "is_staff": false,
    "is_active": true,
    "date_joined": "2023-06-26T13:03:12.371Z",
    "groups": [],
    "user_permissions": []
  }
},
{
  "model": "auth.user",
  "pk": 11,
  "fields": {
    "password": "pbkdf2_sha256$600000$ZV902hZV6cFBX68KnFt25R$N+EQLGluJnz/Gieah6f5CZnRHTJR10Zv93erVDQtovA=",
    "last_login": "2023-11-21T18:56:42.210Z",
    "is_superuser": true,
    "username": "IvanPer2",
    "first_name": "",
    "last_name": "",
    "email": "i.d.pereverzev@mail.ru",
    "is_staff": true,
    "is_active": true,
    "date_joined": "2023-11-21T18:55:09.335Z",
    "groups": [],
    "user_permissions": []
  }
},
{
  "model": "contenttypes.contenttype",
  "pk": 1,
  "fields": {
    "app_label": "RecommendSystem",
    "model": "author"
  }
},
{
  "model": "contenttypes.contenttype",
  "pk": 2,
  "fields": {
    "app_label": "RecommendSystem",
    "model": "book"
  }
},
{
  "model": "contenttypes.contenttype",
  "pk": 3,
  "fields": {
    "app_label": "RecommendSystem",
    "model": "genre"
  }
},
{
  "model": "contenttypes.contenttype",
  "pk": 4,
  "fields": {
    "app_label": "RecommendSystem",
    "model": "favorite"
  }
},
{
  "model": "contenttypes.contenttype",
  "pk": 5,
  "fields": {
    "app_label": "RecommendSystem",
    "model": "comment"
  }
},
{
  "model": "contenttypes.contenttype",
  "pk": 6,
  "fields": {
    "app_label": "RecommendSystem",
    "model": "blacklist"
  }
},
{
  "model": "contenttypes.contenttype",
  "pk": 7,
  "fields": {
    "app_label": "admin",
    "model": "logentry"
  }
},
{
  "model": "contenttypes.contenttype",
  "pk": 8,
  "fields": {
    "app_label": "auth",
    "model": "permission"
  }
},
{
  "model": "contenttypes.contenttype",
  "pk": 9,
  "fields": {
    "app_label": "auth",
    "model": "group"
  }
},
{
  "model": "contenttypes.contenttype",
  "pk": 10,
  "fields": {
    "app_label": "auth",
    "model": "user"
  }
},
{
  "model": "contenttypes.contenttype",
  "pk": 11,
  "fields": {
    "app_label": "contenttypes",
    "model": "contenttype"
  }
},
{
  "model": "contenttypes.contenttype",
  "pk": 12,
  "fields": {
    "app_label": "sessions",
    "model": "session"
  }
},
{
  "model": "contenttypes.contenttype",
  "pk": 13,
  "fields": {
    "app_label": "RecommendSystem",
    "model": "like"
  }
},
{
  "model": "contenttypes.contenttype",
  "pk": 14,
  "fields": {
    "app_label": "RecommendSystem",
    "model": "dislike"
  }
},
{
  "model": "contenttypes.contenttype",
  "pk": 15,
  "fields": {
    "app_label": "RecommendSystem",
    "model": "historicalgenre"
  }
},
{
  "model": "contenttypes.contenttype",
  "pk": 16,
  "fields": {
    "app_label": "RecommendSystem",
    "model": "historicalbook"
  }
},
{
  "model": "contenttypes.contenttype",
  "pk": 17,
  "fields": {
    "app_label": "RecommendSystem",
    "model": "historicalauthor"
  }
},
{
  "model": "sessions.session",
  "pk": "6kbod87ia9mk5ev8a4vp14oj5f0xx21d",
  "fields": {
    "session_data": ".eJxVjDsOwjAQBe_iGln-xY4p6XMGa7274ACypTipEHeHSCmgfTPzXiLBtpa0dV7STOIstDj9bhnwwXUHdId6axJbXZc5y12RB-1yasTPy-H-HRTo5Vuj1dZ5xegQia0yxlt_DZiNVkiRg8JhVBGcyzlG0iPAABhCDqiIgxHvD-KGOB8:1qE8er:-7TEZ-NHzUxnQApnuDqzIgscObg6QaEPsHTqiuYs0VU",
    "expire_date": "2023-07-11T13:23:01.509Z"
  }
},
{
  "model": "sessions.session",
  "pk": "6w43ijl8pkh3o36whrfd872clbd91r73",
  "fields": {
    "session_data": "e30:1qD7eF:au4j_I5MUP4ViMu-1Zt8c4LfsSts7eCO4kicvXseVbw",
    "expire_date": "2023-07-08T18:06:11.531Z"
  }
},
{
  "model": "sessions.session",
  "pk": "crt6xrqop1731bawiueh0kkqqrdicx8j",
  "fields": {
    "session_data": "e30:1qD7Xj:Qf1G1OxrkH3rnoyZt3msmTWbw0k-s_Q09SNOz79t0Kk",
    "expire_date": "2023-07-08T17:59:27.408Z"
  }
},
{
  "model": "sessions.session",
  "pk": "emjsmj82ezevf6piacuh3kf70qctb33g",
  "fields": {
    "session_data": "e30:1qD7dQ:CgrZbiYfTcMBJziiTGO7tQUazZB1GbNgEQbkJp_HEgs",
    "expire_date": "2023-07-08T18:05:20.914Z"
  }
},
{
  "model": "sessions.session",
  "pk": "f9ar1ap7olz9jrjwck0qwlxtvp3s65h2",
  "fields": {
    "session_data": "e30:1qD7az:3ARqMnWkSH5OEfKnUBs6I5qXRWHtn58Gqic0K0PxxaI",
    "expire_date": "2023-07-08T18:02:49.236Z"
  }
},
{
  "model": "sessions.session",
  "pk": "i24xmvp6gmxkj3mqs0om1ohkf5s8fs4v",
  "fields": {
    "session_data": "e30:1qD7TM:VcIX15OLzHtnkiBXE7twIq382K9VmY5fCxtoWhn4U4k",
    "expire_date": "2023-07-08T17:54:56.302Z"
  }
},
{
  "model": "sessions.session",
  "pk": "m8muaqhgxd1d0bos5e6vv6pyzjw3qhqz",
  "fields": {
    "session_data": "e30:1qD6L2:mXjDgBxX5MZLQ8aOCXXMESWRNHNvtSiPQperEQex4C8",
    "expire_date": "2023-07-08T16:42:16.790Z"
  }
},
{
  "model": "sessions.session",
  "pk": "tqmfgjycw6lif1hg4q4aewf5gjdrgrsq",
  "fields": {
    "session_data": ".eJxVjDsOwjAQBe_iGln-xY4p6XMGa7274ACypTipEHeHSCmgfTPzXiLBtpa0dV7STOIstDj9bhnwwXUHdId6axJbXZc5y12RB-1yasTPy-H-HRTo5Vuj1dZ5xegQia0yxlt_DZiNVkiRg8JhVBGcyzlG0iPAABhCDqiIgxHvD-KGOB8:1qDOg0:g84KpoydNsrysj4-_yvdwBNcGGojmnPng2eBwPRgUlQ",
    "expire_date": "2023-07-09T12:17:08.353Z"
  }
},
{
  "model": "sessions.session",
  "pk": "y1mddnl55o69echyxgfcz8njqgsfduth",
  "fields": {
    "session_data": ".eJxVjDsOwjAQBe_iGln-xY4p6XMGa7274ACypTipEHeHSCmgfTPzXiLBtpa0dV7STOIstDj9bhnwwXUHdId6axJbXZc5y12RB-1yasTPy-H-HRTo5Vuj1dZ5xegQia0yxlt_DZiNVkiRg8JhVBGcyzlG0iPAABhCDqiIgxHvD-KGOB8:1qDQ85:6fLnhUNhfiWF8RgBd4TkiSTR6Q31ytlLb4Zmxyh46Pc",
    "expire_date": "2023-07-09T13:50:13.616Z"
  }
},
{
  "model": "sessions.session",
  "pk": "yaflbex0g8y76895c0icrpetza1w2jue",
  "fields": {
    "session_data": ".eJxVjMsOwiAQRf-FtSGU4enSvd9ABgakaiAp7cr479qkC93ec859sYDbWsM28hJmYmc2sdPvFjE9ctsB3bHdOk-9rcsc-a7wgw5-7ZSfl8P9O6g46rcGrdwkCorinSHnY1LSYaJorXXWSlIgRERpYslUlIfslS4A2oDzWIi9P9XXN78:1r5pF7:iElXIe8T_u_Wh67kUeisap9KJitOFLNpW4VypjT_Ddo",
    "expire_date": "2023-12-06T15:34:21.436Z"
  }
}
]
