[
{
  "model": "RecommendSystem.historicalgenre",
  "pk": 1,
  "fields": {
    "id": 11,
    "genre_name": "Басни",
    "history_date": "2023-11-23T12:59:14.201Z",
    "history_change_reason": null,
    "history_type": "+",
    "history_user": 1
  }
},
{
  "model": "RecommendSystem.genre",
  "pk": 1,
  "fields": {
    "genre_name": "Научная фантастика"
  }
},
{
  "model": "RecommendSystem.genre",
  "pk": 2,
  "fields": {
    "genre_name": "Городское фэнтези"
  }
},
{
  "model": "RecommendSystem.genre",
  "pk": 3,
  "fields": {
    "genre_name": "Русская классика"
  }
},
{
  "model": "RecommendSystem.genre",
  "pk": 4,
  "fields": {
    "genre_name": "Мистика"
  }
},
{
  "model": "RecommendSystem.genre",
  "pk": 5,
  "fields": {
    "genre_name": "Классическая проза"
  }
},
{
  "model": "RecommendSystem.genre",
  "pk": 6,
  "fields": {
    "genre_name": "Научное пособие"
  }
},
{
  "model": "RecommendSystem.genre",
  "pk": 7,
  "fields": {
    "genre_name": "Методичка"
  }
},
{
  "model": "RecommendSystem.genre",
  "pk": 8,
  "fields": {
    "genre_name": "Роман"
  }
},
{
  "model": "RecommendSystem.genre",
  "pk": 9,
  "fields": {
    "genre_name": "Роман-эпопея"
  }
},
{
  "model": "RecommendSystem.genre",
  "pk": 10,
  "fields": {
    "genre_name": "Очерк"
  }
},
{
  "model": "RecommendSystem.genre",
  "pk": 11,
  "fields": {
    "genre_name": "Басни"
  }
},
{
  "model": "RecommendSystem.author",
  "pk": 1,
  "fields": {
    "firstname": "Сергей",
    "lastname": "Лукьяненко",
    "patronymic": "Васильевич",
    "image": "images/authors/Лукьяненко.jpg",
    "description": "Сергей Васильевич Лукьяненко — советский и российский писатель-фантаст, сценарист, блогер, колумнист. Называет жанр своих произведений «фантастикой жёсткого действия» или «фантастикой Пути».\r\n\r\nПервые книги Лукьяненко вышли на рубеже 1980-х — 1990-х годов. Официальный сайт писателя утверждает, что в первых произведениях Сергея Васильевича сильно чувствуется подражание Владиславу Крапивину и Роберту Хайнлайну, однако писатель довольно быстро перешёл к творчеству в собственном оригинальном стиле."
  }
},
{
  "model": "RecommendSystem.author",
  "pk": 2,
  "fields": {
    "firstname": "Николай",
    "lastname": "Гоголь",
    "patronymic": "Васильевич",
    "image": "images/authors/Гоголь.jpg",
    "description": "Николай Васильевич Гоголь — русский прозаик, драматург, критик, публицист, признанный одним из классиков русской литературы. Происходил из старинного малороссийского дворянского рода Гоголей-Яновских.\r\n\r\nПо мнению В. Белинского и Н. Чернышевского, Гоголь стал основателем литературного направления — основного этапа «натуральной школы» 1840-х годов; современные исследователи считают, что он оказал большое влияние на русскую и мировую литературу. Влияние Гоголя на своё творчество признавали Михаил Булгаков, Фёдор Достоевский, Рюноскэ Акутагава, Фланнери О’Коннор, Франц Кафка и многие другие."
  }
},
{
  "model": "RecommendSystem.author",
  "pk": 3,
  "fields": {
    "firstname": "Федор",
    "lastname": "Достоевский",
    "patronymic": "Михайлович",
    "image": "images/authors/Достоевский.jpg",
    "description": "Фёдор Миха́йлович Достое́вский — русский писатель, мыслитель, философ и публицист. Член-корреспондент Петербургской академии наук с 1877 года. Классик мировой литературы, по данным ЮНЕСКО, один из самых читаемых писателей в мире. Собрание сочинений Достоевского состоит из 12 романов, четырёх новелл, 16 рассказов и множества других произведений."
  }
},
{
  "model": "RecommendSystem.author",
  "pk": 4,
  "fields": {
    "firstname": "Михаил",
    "lastname": "Булгаков",
    "patronymic": "Афанасьевич",
    "image": "images/authors/Булгаков.jpg",
    "description": "Михаил Афанасьевич Булгаков — русский писатель советского периода, врач, драматург, театральный режиссёр и актёр. Автор романов, повестей, рассказов, пьес, киносценариев и фельетонов, написанных в 1920-е годы."
  }
},
{
  "model": "RecommendSystem.author",
  "pk": 5,
  "fields": {
    "firstname": "Виктор",
    "lastname": "Астафьев",
    "patronymic": "Петрович",
    "image": "images/authors/Астафьев.jpg",
    "description": "Виктор Петрович Астафьев (1 мая 1924, Овсянка, Красноярский уезд, Енисейская губерния, СССР — 29 ноября 2001, Красноярск, Россия) — советский и российский писатель, эссеист, драматург, сценарист."
  }
},
{
  "model": "RecommendSystem.author",
  "pk": 6,
  "fields": {
    "firstname": "Антон",
    "lastname": "Чехоф",
    "patronymic": "Павлович",
    "image": "images/authors/Чехов.jpg",
    "description": "Антон Павлович Чехов (17 (29) января 1860, Таганрог, Екатеринославская губерния (ныне Ростовская область), Российская империя — 2 (15) июля 1904, Баденвайлер, Германская империя) — русский писатель, прозаик, драматург, публицист, врач, общественный деятель в сфере благотворительности."
  }
},
{
  "model": "RecommendSystem.author",
  "pk": 7,
  "fields": {
    "firstname": "Михаил",
    "lastname": "Шолохов",
    "patronymic": "Александрович",
    "image": "images/authors/Шолохов.jpg",
    "description": "Михаи́л Алекса́ндрович Шо́лохов (24 мая 1905, хутор Кружилинский, станица Вёшенская, Донецкий округ, область Войска Донского, Российская империя — 21 февраля 1984, станица Вёшенская, Вёшенский район, Ростовская область, РСФСР, СССР) — русский советский писатель, журналист и киносценарист. Военный корреспондент (1941—1945). Полковник (1943). Шолохов — третий после И. Бунина (1933) и Б. Пастернака (1958) лауреат Нобелевской премии по литературе среди русских писателей. Нобелевская премия за 1965 год была присуждена ему за роман «Тихий Дон» — «за художественную силу и цельность эпоса о донском казачестве в переломное для России время», Сталинской премии первой степени (1941), Ленинской премии (1960). Действительный член АН СССР (1939). Дважды Герой Социалистического Труда (1967, 1980)."
  }
},
{
  "model": "RecommendSystem.author",
  "pk": 8,
  "fields": {
    "firstname": "Алексей",
    "lastname": "Пешков",
    "patronymic": "Максимович",
    "image": "images/authors/Горький.jpg",
    "description": "Макси́м Го́рький (литературный псевдоним, настоящие имя и фамилия — Алексе́й Макси́мович Пешко́в[5][6][7]), также Алексе́й Макси́мович Го́рький[8], (16 [28] марта 1868, Нижний Новгород, Российская империя — 18 июня 1936, Горки[9], Московская область, СССР) — русский советский писатель, поэт, прозаик, драматург, журналист и общественный деятель, публицист."
  }
},
{
  "model": "RecommendSystem.author",
  "pk": 9,
  "fields": {
    "firstname": "Рэй",
    "lastname": "Брэдбери",
    "patronymic": "Дуглас",
    "image": "images/authors/Брэдбери.jpg",
    "description": "Рэй Ду́глас Брэ́дбери (англ. Ray Douglas Bradbury; 22 августа 1920 года, Уокиган, США — 5 июня 2012 года, Лос-Анджелес[5][7][8]) — американский писатель, известный по антиутопии «451 градус по Фаренгейту», циклу рассказов «Марсианские хроники» и частично автобиографической повести «Вино из одуванчиков»[9][10]."
  }
},
{
  "model": "RecommendSystem.author",
  "pk": 10,
  "fields": {
    "firstname": "Александр",
    "lastname": "Пушкин",
    "patronymic": "Сергеевич",
    "image": "images/authors/Geirby.jpg",
    "description": "Алекса́ндр Серге́евич Пу́шкин (26 мая [6 июня] 1799, Москва — 29 января [10 февраля] 1837, Санкт-Петербург) — русский поэт, драматург и прозаик, заложивший основы русского реалистического направления[2], литературный критик[3] и теоретик литературы, историк[3], публицист, журналист[3].\r\n\r\nОдин из самых авторитетных литературных деятелей первой трети XIX века. Ещё при жизни Пушкина сложилась его репутация величайшего национального русского поэта[4][5]. Пушкин рассматривается как основоположник современного русского литературного языка[~ 2]."
  }
},
{
  "model": "RecommendSystem.historicalbook",
  "pk": 1,
  "fields": {
    "id": 8,
    "book_name": "Чистовик",
    "image": "images/book_faces/Чистовик.webp",
    "year": 2008,
    "rating": 0,
    "annotation": "Хоть Кирилл Максимов и перестал быть функционалом-таможенником, его жизнь не стала легче. Теперь его преследуют сотрудники службы безопасности Аркана. Все, что можно сделать, – сбежать. Сбежать в Харьков, в Эльблонг, на заснеженный Янус, в технически отсталую Твердь и снова в Москву.\r\n\r\nКириллу предстоит узнать, зачем функционалы создали все эти миры, принять вызов на решающую дуэль и сделать самый важный выбор в своей жизни.",
    "author": 1,
    "genre": 1,
    "history_date": "2023-11-23T01:46:36.579Z",
    "history_change_reason": null,
    "history_type": "~",
    "history_user": 1
  }
},
{
  "model": "RecommendSystem.historicalbook",
  "pk": 2,
  "fields": {
    "id": 8,
    "book_name": "Чистовик",
    "image": "images/book_faces/Чистовик.webp",
    "year": 2007,
    "rating": 0,
    "annotation": "Хоть Кирилл Максимов и перестал быть функционалом-таможенником, его жизнь не стала легче. Теперь его преследуют сотрудники службы безопасности Аркана. Все, что можно сделать, – сбежать. Сбежать в Харьков, в Эльблонг, на заснеженный Янус, в технически отсталую Твердь и снова в Москву.\r\n\r\nКириллу предстоит узнать, зачем функционалы создали все эти миры, принять вызов на решающую дуэль и сделать самый важный выбор в своей жизни.",
    "author": 1,
    "genre": 1,
    "history_date": "2023-11-23T01:46:50.100Z",
    "history_change_reason": null,
    "history_type": "~",
    "history_user": 1
  }
},
{
  "model": "RecommendSystem.historicalbook",
  "pk": 3,
  "fields": {
    "id": 8,
    "book_name": "Чистовик",
    "image": "images/book_faces/Чистовик.webp",
    "year": 2008,
    "rating": 0,
    "annotation": "Хоть Кирилл Максимов и перестал быть функционалом-таможенником, его жизнь не стала легче. Теперь его преследуют сотрудники службы безопасности Аркана. Все, что можно сделать, – сбежать. Сбежать в Харьков, в Эльблонг, на заснеженный Янус, в технически отсталую Твердь и снова в Москву.\r\n\r\nКириллу предстоит узнать, зачем функционалы создали все эти миры, принять вызов на решающую дуэль и сделать самый важный выбор в своей жизни.",
    "author": 1,
    "genre": 1,
    "history_date": "2023-11-23T06:14:16.018Z",
    "history_change_reason": null,
    "history_type": "~",
    "history_user": 1
  }
},
{
  "model": "RecommendSystem.book",
  "pk": 8,
  "fields": {
    "book_name": "Чистовик",
    "author": 1,
    "image": "images/book_faces/Чистовик.webp",
    "genre": 1,
    "year": 2008,
    "rating": 0,
    "annotation": "Хоть Кирилл Максимов и перестал быть функционалом-таможенником, его жизнь не стала легче. Теперь его преследуют сотрудники службы безопасности Аркана. Все, что можно сделать, – сбежать. Сбежать в Харьков, в Эльблонг, на заснеженный Янус, в технически отсталую Твердь и снова в Москву.\r\n\r\nКириллу предстоит узнать, зачем функционалы создали все эти миры, принять вызов на решающую дуэль и сделать самый важный выбор в своей жизни."
  }
},
{
  "model": "RecommendSystem.book",
  "pk": 9,
  "fields": {
    "book_name": "Черновик",
    "author": 1,
    "image": "images/book_faces/Черновик.webp",
    "genre": 1,
    "year": 2005,
    "rating": 0,
    "annotation": "Это кажется каким-то страшным сном, настоящим абсурдом. Кирилл Максимов вернулся к себе домой, но там живет другой человек. Его не узнают ни его соседи, ни его собственная собака. Каждый, кто видит Кирилла, тут же забывает его лицо. А тут еще какой-то незнакомец звонит и заставляет куда-то идти…\r\n\r\nА что остается делать, кроме как подчиниться, если у тебя даже нет крыши над головой? И если ты стерт из этой жизни, может быть, тебя ждет новая, куда более интересная?"
  }
},
{
  "model": "RecommendSystem.book",
  "pk": 10,
  "fields": {
    "book_name": "Глубина: Лабиринт отражений. Фальшивые зеркала. Прозрачные витражи",
    "author": 1,
    "image": "images/book_faces/Глубина.webp",
    "genre": 1,
    "year": 1997,
    "rating": -1,
    "annotation": "То, что в виртуальном мире невозможно умереть по-настоящему, – правда только наполовину. С человеком, вошедшим в Глубину, может случиться что угодно, а виртуальные интриги бывают куда более закрученными и опасными, чем реальные.\r\n\r\nПод обложкой книги «Глубина» собраны все романы трилогии о Диптауне и его обитателях. Окунитесь в приключения отважного дайвера Леонида-Стрелка, его возлюбленной Вики и команды хакеров на просторах виртуального мира. Но смотрите, чтобы Глубина не забрала вас."
  }
},
{
  "model": "RecommendSystem.book",
  "pk": 11,
  "fields": {
    "book_name": "Дозоры: Ночной Дозор. Дневной Дозор. Сумеречный Дозор",
    "author": 1,
    "image": "images/book_faces/Ночной_дозор.webp",
    "genre": 2,
    "year": 1998,
    "rating": -2,
    "annotation": "Первые три романа легендарного цикла «Дозоры» от отечественного фантаста номер один, переведенного на два десятка языков.\r\n\r\nИстория вечного противостояния Светлых и Темных магов.\r\n\r\nТайные боевые операции, жестокие интриги и высокая политика, белое пламя любви и ненависти, где плавятся судьбы людей и Иных, отстаивающих свою истину…"
  }
},
{
  "model": "RecommendSystem.book",
  "pk": 12,
  "fields": {
    "book_name": "Функционал: Черновик. Чистовик",
    "author": 1,
    "image": "images/book_faces/Функционал.webp",
    "genre": 1,
    "year": 2004,
    "rating": 0,
    "annotation": "Еще вчера у него была своя квартира, работа, друзья, собака, налаженный быт… а сегодня мир словно перевернулся – никто не узнает парня, даже самые близкие люди, а документы, подтверждающие его личность, рассыпаются в пыль.\r\n\r\nСумасшествие? Нет, жестокое испытание, после которого Кирилл становится функционалом – человеком, наделенным сверхспособностями и возможностью перемещаться между параллельными мирами.\r\n\r\nКто такие эти функционалы?\r\n\r\nВ чем состоит их предназначение?\r\n\r\nИ чем заплатит Кирилл за свою новую, улучшенную жизнь?"
  }
},
{
  "model": "RecommendSystem.book",
  "pk": 13,
  "fields": {
    "book_name": "Мертвые души",
    "author": 2,
    "image": "images/book_faces/Мертвые_души.webp",
    "genre": 3,
    "year": 1842,
    "rating": 0,
    "annotation": "В книгу вошли бессмертная поэма великого русского писателя Н. В. Гоголя «Мертвые души» и статьи замечательных русских критиков К. С. Аксакова и В. Г. Белинского, а также очерки известного современного литературоведа В. А. Воропаева.\r\n\r\nДля старшего школьного возраста."
  }
},
{
  "model": "RecommendSystem.book",
  "pk": 14,
  "fields": {
    "book_name": "Вечера на хуторе близ Диканьки",
    "author": 2,
    "image": "images/book_faces/Вечер.webp",
    "genre": 3,
    "year": 1832,
    "rating": -1,
    "annotation": "«Вечера на хуторе близ Диканьки» – одно из самых ярких и замечательных сочинений великого русского писателя Н. В. Гоголя.\r\n\r\nДля старшего школьного возраста."
  }
},
{
  "model": "RecommendSystem.book",
  "pk": 15,
  "fields": {
    "book_name": "Ревизор",
    "author": 2,
    "image": "images/book_faces/Ревизор.webp",
    "genre": 3,
    "year": 1832,
    "rating": -2,
    "annotation": "«Ревизор» – одна из лучших русских комедий. Н. В. Гоголь заставил современников смеяться над тем, к чему они привыкли и что перестали замечать. И сегодня комедия, созданная великим русским писателем, продолжая звучать современно, указывает путь к нравственному возрождению."
  }
},
{
  "model": "RecommendSystem.book",
  "pk": 16,
  "fields": {
    "book_name": "Идиот",
    "author": 3,
    "image": "images/book_faces/Идиот.webp",
    "genre": 3,
    "year": 1868,
    "rating": -1,
    "annotation": "В книгу вошел бессмертный роман Ф. М. Достоевского «Идиот» – о «положительно прекрасном человеке», безгрешном, почти идеальном, который пытается любить «ближнего, как самого себя», любить всех Христовой любовью. И об изначальной обреченности этих попыток…\r\n\r\nПроизведение включено в перечень «100 книг по истории, культуре и литературе народов Российской Федерации, рекомендуемых школьникам к самостоятельному прочтению».\r\n\r\nДля старшего школьного возраста."
  }
},
{
  "model": "RecommendSystem.book",
  "pk": 17,
  "fields": {
    "book_name": "Преступление и наказание",
    "author": 3,
    "image": "images/book_faces/Преступление.webp",
    "genre": 3,
    "year": 1866,
    "rating": 0,
    "annotation": "Роман Ф. М. Достоевского «Преступление и наказание» издается с предисловием К. Степаняна и комментариями."
  }
},
{
  "model": "RecommendSystem.book",
  "pk": 18,
  "fields": {
    "book_name": "Бесы",
    "author": 3,
    "image": "images/book_faces/Бесы.webp",
    "genre": 3,
    "year": 1872,
    "rating": -1,
    "annotation": "Знаменитый пророческий роман-предупреждение Ф.М. Достоевского (1821–1881) «Бесы» и сейчас интересен современному поколению читателей и не только как литературный шедевр. Роман-памфлет о зарождающемся терроризме и анархизме раскрывает трагедию русской души, в которой поселились бесы."
  }
},
{
  "model": "RecommendSystem.book",
  "pk": 19,
  "fields": {
    "book_name": "Мастер и Маргарита",
    "author": 4,
    "image": "images/book_faces/Мастер_и_Маргарита.webp",
    "genre": 4,
    "year": 1967,
    "rating": 0,
    "annotation": "Жарким майским вечером председатель правления МАССОЛИТ Михаил Берлиоз и молодой поэт Иван Бездомный отправились на Патриаршие пруды, чтобы обсудить: существовал ли Иисус Христос. Беседой литераторов заинтересовался некий импозантный гражданин-иностранец. Профессор Воланд стал уверять новых знакомых, что лично присутствовал на допросе бродяги Иешуа Га-Ноцри, который проводил Понтий Пилат.\r\n\r\nАлександр Берлиоз и Иван Бездомный сочли собеседника сумасшедшим. А зря. Ведь через несколько часов Берлиоз попал под трамвай, а Иван отправился в сумасшедший дом, где и познакомился с мастером – возлюбленным Маргариты, будущей королевой бала у сатаны. Поэт узнает, что именно из-за романа о Понтии Пилате мастер оказался в сумасшедшем доме, а сама рукопись принесла писателю страшные несчастья…\r\n\r\nТем временем Воланд со свитой весьма необычным образом исследуют, как изменились москвичи за последние годы. Это исследование надолго останется в памяти тех, кому довелось столкнуться с происками дьявола и его помощников, обладающих специфическим чувством юмора и особым взглядом на справедливость и милосердие…"
  }
},
{
  "model": "RecommendSystem.book",
  "pk": 20,
  "fields": {
    "book_name": "Собачье сердце",
    "author": 4,
    "image": "images/book_faces/Собачье_сердце.webp",
    "genre": 1,
    "year": 1925,
    "rating": 1,
    "annotation": "Повесть «Собачье сердце» – одно из самых известных и запоминающихся произведений в творчестве Михаила Булгакова. С неподражаемым сарказмом и юмором Булгаков описал небывалый рискованный эксперимент профессора Преображенского по превращению собаки в человека, создав великолепную пародию на парадоксальную обстановку Советской России 30-х годов. Жестокий опыт по выведению новой «породы» людей показывает, что нельзя безнаказанно экспериментировать с природой и менять Божий Промысел в угоду политическим целям. Детища подобных экспериментов способны уничтожить своих создателей."
  }
},
{
  "model": "RecommendSystem.book",
  "pk": 21,
  "fields": {
    "book_name": "Белая гвардия",
    "author": 4,
    "image": "images/book_faces/Белая_гвардия.webp",
    "genre": 5,
    "year": 1924,
    "rating": 0,
    "annotation": "«Белая гвардия» – не просто роман, но своеобразная хроника времени – хроника, увиденная сквозь призму восприятия «детей страшных лет России». Судьба издерганной дворянской семьи, задыхающейся в кровавом водовороте гражданской войны, под пером Булгакова обретает черты эпической трагедии всей русской интеллигенции – трагедии, отголоски которой доносятся до нас и теперь…"
  }
},
{
  "model": "RecommendSystem.comment",
  "pk": 13,
  "fields": {
    "author": 1,
    "book": 8,
    "text": "Отличная книга! Всем рекомендую!",
    "created_at": "2023-06-25",
    "is_hide": false
  }
},
{
  "model": "RecommendSystem.comment",
  "pk": 16,
  "fields": {
    "author": 1,
    "book": 13,
    "text": "Интересная книга. Но не идеальная.",
    "created_at": "2023-06-27",
    "is_hide": false
  }
},
{
  "model": "RecommendSystem.comment",
  "pk": 17,
  "fields": {
    "author": 1,
    "book": 10,
    "text": "Отличная книга! Наблюдать за приключениями Леонида крайне интересно.\r\n",
    "created_at": "2023-06-27",
    "is_hide": false
  }
},
{
  "model": "RecommendSystem.comment",
  "pk": 18,
  "fields": {
    "author": 1,
    "book": 9,
    "text": "Отличная книга.",
    "created_at": "2023-06-27",
    "is_hide": false
  }
},
{
  "model": "RecommendSystem.comment",
  "pk": 19,
  "fields": {
    "author": 9,
    "book": 21,
    "text": "Хорошая книга.\r\n",
    "created_at": "2023-06-27",
    "is_hide": false
  }
},
{
  "model": "RecommendSystem.comment",
  "pk": 20,
  "fields": {
    "author": 9,
    "book": 12,
    "text": "Плохая книга.",
    "created_at": "2023-06-27",
    "is_hide": false
  }
},
{
  "model": "RecommendSystem.comment",
  "pk": 21,
  "fields": {
    "author": 9,
    "book": 11,
    "text": "Не люблю этого автора\r\n",
    "created_at": "2023-06-27",
    "is_hide": false
  }
},
{
  "model": "RecommendSystem.comment",
  "pk": 22,
  "fields": {
    "author": 9,
    "book": 9,
    "text": "А вот мне не очень понравилось. Скучно.\r\n",
    "created_at": "2023-06-27",
    "is_hide": false
  }
},
{
  "model": "RecommendSystem.comment",
  "pk": 23,
  "fields": {
    "author": 9,
    "book": 17,
    "text": "Хорошая книга",
    "created_at": "2023-06-27",
    "is_hide": true
  }
},
{
  "model": "RecommendSystem.comment",
  "pk": 24,
  "fields": {
    "author": 1,
    "book": 8,
    "text": "Книга просто замечательная!",
    "created_at": "2023-06-27",
    "is_hide": true
  }
},
{
  "model": "RecommendSystem.favorite",
  "pk": 27,
  "fields": {
    "user": 1,
    "book": 17
  }
},
{
  "model": "RecommendSystem.favorite",
  "pk": 28,
  "fields": {
    "user": 1,
    "book": 20
  }
},
{
  "model": "RecommendSystem.favorite",
  "pk": 31,
  "fields": {
    "user": 1,
    "book": 13
  }
},
{
  "model": "RecommendSystem.favorite",
  "pk": 32,
  "fields": {
    "user": 9,
    "book": 13
  }
},
{
  "model": "RecommendSystem.favorite",
  "pk": 33,
  "fields": {
    "user": 1,
    "book": 12
  }
},
{
  "model": "RecommendSystem.favorite",
  "pk": 34,
  "fields": {
    "user": 1,
    "book": 10
  }
},
{
  "model": "RecommendSystem.favorite",
  "pk": 35,
  "fields": {
    "user": 1,
    "book": 19
  }
},
{
  "model": "RecommendSystem.favorite",
  "pk": 36,
  "fields": {
    "user": 1,
    "book": 14
  }
},
{
  "model": "RecommendSystem.favorite",
  "pk": 38,
  "fields": {
    "user": 1,
    "book": 9
  }
},
{
  "model": "RecommendSystem.favorite",
  "pk": 39,
  "fields": {
    "user": 1,
    "book": 11
  }
},
{
  "model": "RecommendSystem.favorite",
  "pk": 40,
  "fields": {
    "user": 1,
    "book": 8
  }
},
{
  "model": "RecommendSystem.blacklist",
  "pk": 15,
  "fields": {
    "user": 10,
    "book": 8
  }
},
{
  "model": "RecommendSystem.blacklist",
  "pk": 16,
  "fields": {
    "user": 10,
    "book": 9
  }
},
{
  "model": "RecommendSystem.blacklist",
  "pk": 17,
  "fields": {
    "user": 10,
    "book": 10
  }
},
{
  "model": "RecommendSystem.blacklist",
  "pk": 18,
  "fields": {
    "user": 10,
    "book": 11
  }
},
{
  "model": "RecommendSystem.blacklist",
  "pk": 19,
  "fields": {
    "user": 10,
    "book": 12
  }
},
{
  "model": "RecommendSystem.blacklist",
  "pk": 20,
  "fields": {
    "user": 10,
    "book": 13
  }
},
{
  "model": "RecommendSystem.blacklist",
  "pk": 21,
  "fields": {
    "user": 10,
    "book": 14
  }
},
{
  "model": "RecommendSystem.blacklist",
  "pk": 22,
  "fields": {
    "user": 10,
    "book": 15
  }
},
{
  "model": "RecommendSystem.blacklist",
  "pk": 23,
  "fields": {
    "user": 10,
    "book": 16
  }
},
{
  "model": "RecommendSystem.blacklist",
  "pk": 24,
  "fields": {
    "user": 10,
    "book": 17
  }
},
{
  "model": "RecommendSystem.blacklist",
  "pk": 25,
  "fields": {
    "user": 10,
    "book": 18
  }
},
{
  "model": "RecommendSystem.like",
  "pk": 5,
  "fields": {
    "user": 10,
    "book": 8
  }
},
{
  "model": "RecommendSystem.like",
  "pk": 6,
  "fields": {
    "user": 1,
    "book": 13
  }
},
{
  "model": "RecommendSystem.like",
  "pk": 7,
  "fields": {
    "user": 1,
    "book": 17
  }
},
{
  "model": "RecommendSystem.like",
  "pk": 8,
  "fields": {
    "user": 1,
    "book": 21
  }
},
{
  "model": "RecommendSystem.like",
  "pk": 9,
  "fields": {
    "user": 1,
    "book": 19
  }
},
{
  "model": "RecommendSystem.like",
  "pk": 10,
  "fields": {
    "user": 1,
    "book": 20
  }
},
{
  "model": "RecommendSystem.like",
  "pk": 11,
  "fields": {
    "user": 1,
    "book": 12
  }
},
{
  "model": "RecommendSystem.like",
  "pk": 12,
  "fields": {
    "user": 1,
    "book": 9
  }
},
{
  "model": "RecommendSystem.dislike",
  "pk": 1,
  "fields": {
    "user": 1,
    "book": 15
  }
},
{
  "model": "RecommendSystem.dislike",
  "pk": 3,
  "fields": {
    "user": 1,
    "book": 11
  }
},
{
  "model": "RecommendSystem.dislike",
  "pk": 4,
  "fields": {
    "user": 9,
    "book": 8
  }
},
{
  "model": "RecommendSystem.dislike",
  "pk": 5,
  "fields": {
    "user": 9,
    "book": 9
  }
},
{
  "model": "RecommendSystem.dislike",
  "pk": 6,
  "fields": {
    "user": 9,
    "book": 10
  }
},
{
  "model": "RecommendSystem.dislike",
  "pk": 7,
  "fields": {
    "user": 9,
    "book": 11
  }
},
{
  "model": "RecommendSystem.dislike",
  "pk": 8,
  "fields": {
    "user": 9,
    "book": 12
  }
},
{
  "model": "RecommendSystem.dislike",
  "pk": 9,
  "fields": {
    "user": 9,
    "book": 13
  }
},
{
  "model": "RecommendSystem.dislike",
  "pk": 10,
  "fields": {
    "user": 9,
    "book": 14
  }
},
{
  "model": "RecommendSystem.dislike",
  "pk": 11,
  "fields": {
    "user": 9,
    "book": 15
  }
},
{
  "model": "RecommendSystem.dislike",
  "pk": 12,
  "fields": {
    "user": 9,
    "book": 16
  }
},
{
  "model": "RecommendSystem.dislike",
  "pk": 13,
  "fields": {
    "user": 9,
    "book": 17
  }
},
{
  "model": "RecommendSystem.dislike",
  "pk": 14,
  "fields": {
    "user": 9,
    "book": 18
  }
},
{
  "model": "RecommendSystem.dislike",
  "pk": 15,
  "fields": {
    "user": 9,
    "book": 19
  }
},
{
  "model": "RecommendSystem.dislike",
  "pk": 16,
  "fields": {
    "user": 9,
    "book": 21
  }
}
]
